-- MySQL dump 10.13  Distrib 5.5.29, for debian-linux-gnu (x86_64)
--
-- Host: localhost    Database: timemaniacs
-- ------------------------------------------------------
-- Server version	5.5.29-0ubuntu0.12.04.2

/*!40101 SET @OLD_CHARACTER_SET_CLIENT=@@CHARACTER_SET_CLIENT */;
/*!40101 SET @OLD_CHARACTER_SET_RESULTS=@@CHARACTER_SET_RESULTS */;
/*!40101 SET @OLD_COLLATION_CONNECTION=@@COLLATION_CONNECTION */;
/*!40101 SET NAMES utf8 */;
/*!40103 SET @OLD_TIME_ZONE=@@TIME_ZONE */;
/*!40103 SET TIME_ZONE='+00:00' */;
/*!40014 SET @OLD_UNIQUE_CHECKS=@@UNIQUE_CHECKS, UNIQUE_CHECKS=0 */;
/*!40014 SET @OLD_FOREIGN_KEY_CHECKS=@@FOREIGN_KEY_CHECKS, FOREIGN_KEY_CHECKS=0 */;
/*!40101 SET @OLD_SQL_MODE=@@SQL_MODE, SQL_MODE='NO_AUTO_VALUE_ON_ZERO' */;
/*!40111 SET @OLD_SQL_NOTES=@@SQL_NOTES, SQL_NOTES=0 */;

--
-- Table structure for table `Activity`
--

DROP TABLE IF EXISTS `Activity`;
/*!40101 SET @saved_cs_client     = @@character_set_client */;
/*!40101 SET character_set_client = utf8 */;
CREATE TABLE `Activity` (
  `id` int(11) NOT NULL AUTO_INCREMENT,
  `totaltime` int(11) DEFAULT NULL,
  `name` varchar(255) COLLATE utf8_unicode_ci NOT NULL,
  `created` datetime NOT NULL,
  `updated` datetime NOT NULL,
  `project` int(11) DEFAULT NULL,
  `running` tinyint(1) NOT NULL,
  `company_id` int(11) DEFAULT NULL,
  `description` longtext COLLATE utf8_unicode_ci,
  `user_id` int(11) DEFAULT NULL,
  `estimate` int(11) DEFAULT NULL,
  `service_id` int(11) DEFAULT NULL,
  `start` datetime DEFAULT NULL,
  `end` datetime DEFAULT NULL,
  PRIMARY KEY (`id`),
  KEY `IDX_55026B0C2FB3D0EE` (`project`),
  KEY `IDX_55026B0C979B1AD6` (`company_id`),
  KEY `IDX_55026B0CA76ED395` (`user_id`),
  KEY `IDX_55026B0CED5CA9E6` (`service_id`),
  CONSTRAINT `FK_55026B0C2FB3D0EE` FOREIGN KEY (`project`) REFERENCES `project` (`id`),
  CONSTRAINT `FK_55026B0C979B1AD6` FOREIGN KEY (`company_id`) REFERENCES `company` (`id`),
  CONSTRAINT `FK_55026B0CA76ED395` FOREIGN KEY (`user_id`) REFERENCES `fos_user` (`id`),
  CONSTRAINT `FK_55026B0CED5CA9E6` FOREIGN KEY (`service_id`) REFERENCES `Service` (`id`)
) ENGINE=InnoDB AUTO_INCREMENT=146 DEFAULT CHARSET=utf8 COLLATE=utf8_unicode_ci;
/*!40101 SET character_set_client = @saved_cs_client */;

--
-- Dumping data for table `Activity`
--

LOCK TABLES `Activity` WRITE;
/*!40000 ALTER TABLE `Activity` DISABLE KEYS */;
INSERT INTO `Activity` VALUES (1,166654679,'test do delete','2013-01-01 00:00:00','2013-04-20 18:49:29',12,0,4,'Activity description',1,NULL,NULL,'2013-01-01 00:00:00','2013-04-20 18:49:29'),(2,166528689,'trst','2013-01-01 00:00:00','2013-04-12 15:25:54',NULL,0,5,'Activity description',1,NULL,NULL,'2013-01-01 00:00:00','2013-04-12 15:25:54'),(3,743943,'funf ufnf n','2013-04-11 17:40:21','2013-04-20 18:45:19',12,0,2,'Activity description',1,NULL,NULL,'2013-04-11 17:40:21','2013-04-20 18:45:19'),(4,41702,'Bugfix ndj','2013-04-11 21:39:21','2013-04-12 09:34:10',NULL,0,1,'Activity description',1,NULL,NULL,'2013-04-11 21:39:21','2013-04-12 09:34:10'),(5,1890,'test','2013-04-12 09:02:07','2013-04-12 09:34:29',NULL,0,3,'Activity description',1,NULL,NULL,'2013-04-12 09:02:07','2013-04-12 09:34:29'),(6,1802,'building timetracker','2013-04-12 09:05:22','2013-04-12 15:50:05',NULL,0,1,'Activity description',1,NULL,NULL,'2013-04-12 09:05:22','2013-04-12 15:50:05'),(7,1564,'we now','2013-04-12 09:11:02','2013-04-20 07:58:58',NULL,0,2,'Activity description',1,NULL,NULL,'2013-04-12 09:11:02','2013-04-20 07:58:58'),(8,NULL,'testers','2013-04-12 09:43:15','2013-04-13 11:51:35',NULL,0,4,'Activity description',1,NULL,NULL,'2013-04-12 09:43:15','2013-04-13 11:51:35'),(9,8385,'tsetrunner','2013-04-12 09:52:33','2013-04-12 15:53:04',NULL,0,1,'Activity description',1,NULL,NULL,'2013-04-12 09:52:33','2013-04-12 15:53:04'),(10,NULL,'currenttimehaha sdfs','2013-04-12 15:49:45','2013-04-12 22:44:48',NULL,0,NULL,'Activity description',1,NULL,NULL,'2013-04-12 15:49:45','2013-04-12 22:44:48'),(11,NULL,'deere doeme alse','2013-04-12 15:53:04','2013-04-13 13:13:35',NULL,0,NULL,'<p>Activity description</p>',1,NULL,NULL,'2013-04-12 15:53:04','2013-04-13 13:13:35'),(12,NULL,'Thinking out the application','2013-04-12 16:00:38','2013-04-13 11:41:13',NULL,0,NULL,'Activity description',1,NULL,NULL,'2013-04-12 16:00:38','2013-04-13 11:41:13'),(13,44920,'Create inline edit','2013-04-12 21:51:54','2013-04-24 18:14:39',NULL,0,NULL,'Activity description',1,NULL,NULL,'2013-04-12 21:51:54','2013-04-17 22:47:11'),(14,NULL,'create ajax success message aangepast','2013-04-12 22:19:43','2013-04-13 11:11:21',NULL,0,NULL,'<h1>Test</h1>\r\n\r\n<ul>\r\n<li>her list</li><li>list</li>\r\n</ul>\r\n\r\n<ul>\r\n<li>test nog eensherie jasja</li>\r\n</ul>',1,NULL,NULL,'2013-04-12 22:19:43','2013-04-13 11:11:21'),(15,NULL,'Building frontend','2013-04-13 12:06:33','2013-04-19 23:55:49',NULL,0,NULL,'Activity description',1,NULL,NULL,'2013-04-13 12:06:33','2013-04-19 23:55:49'),(16,NULL,'Building timetracker quick','2013-04-13 15:07:05','2013-04-13 15:16:06',NULL,0,NULL,'my quick activity time tracker',1,NULL,NULL,'2013-04-13 15:07:05','2013-04-13 15:16:06'),(17,NULL,'Create the tags relation with activities','2013-04-13 15:17:58','2013-04-13 16:21:16',NULL,0,NULL,'',1,NULL,NULL,'2013-04-13 15:17:58','2013-04-13 16:21:16'),(18,NULL,'creating calendar','2013-04-13 16:21:25','2013-04-17 22:37:40',NULL,0,NULL,'',1,NULL,NULL,'2013-04-13 16:21:25','2013-04-17 22:37:40'),(19,NULL,'Create Kanban','2013-04-13 21:32:43','2013-04-17 22:28:51',NULL,0,NULL,'',1,NULL,NULL,'2013-04-13 21:32:43','2013-04-17 22:28:51'),(20,24751,'Setup Tag relations to activity','2013-04-14 00:49:56','2013-04-14 07:43:08',NULL,0,NULL,'',1,NULL,NULL,'2013-04-14 00:49:56','2013-04-14 07:43:08'),(21,NULL,'add project planner js :p','2013-04-14 00:49:57','2013-04-20 07:53:31',NULL,0,NULL,'',1,NULL,NULL,'2013-04-14 00:49:57','2013-04-20 07:53:31'),(22,NULL,'add markup editor to textareas','2013-04-14 13:37:53','2013-04-17 22:39:28',NULL,0,NULL,'* test\r\n* test2\r\n    * * rzst',1,NULL,NULL,'2013-04-14 13:37:53','2013-04-17 22:39:28'),(23,NULL,'Hey fixing','2013-04-15 17:08:49','2013-04-18 00:36:49',NULL,0,NULL,'tset\r\n-----',1,NULL,NULL,'2013-04-15 17:08:49','2013-04-18 00:36:49'),(24,199524,'test2','2013-04-15 17:12:36','2013-04-20 18:45:52',12,0,NULL,'',1,NULL,NULL,'2013-04-15 17:12:36','2013-04-20 18:45:52'),(25,258318,'tste','2013-04-16 22:59:38','2013-04-20 18:46:18',12,0,NULL,'Click to edit',1,NULL,NULL,'2013-04-16 22:59:38','2013-04-20 18:46:18'),(26,NULL,'Fixing csrf token value on the quick activity form','2013-04-17 18:08:29','2013-04-19 23:00:32',NULL,0,NULL,'',1,NULL,NULL,'2013-04-17 18:08:29','2013-04-19 23:00:32'),(27,3679,'Creating quick tags on activities from the placeholder form :p','2013-04-17 18:23:34','2013-04-20 08:45:55',NULL,0,NULL,'',1,NULL,NULL,'2013-04-17 18:23:34','2013-04-20 08:45:55'),(28,84345,'Fixing puppet','2013-04-18 23:44:04','2013-04-20 13:17:07',NULL,0,NULL,'fixed puppet setup and provision  only one new bug is if database allready exits',1,NULL,3,'2013-04-18 23:44:04','2013-04-20 13:17:07'),(29,46933,'Create Unit tests','2013-04-19 18:50:23','2013-04-20 13:17:35',12,0,NULL,'Failed making my first unit tests f***',1,NULL,1,'2013-04-19 18:50:23','2013-04-20 13:17:35'),(30,NULL,'creating preloader','2013-04-19 22:50:17','2013-04-20 08:52:11',NULL,0,NULL,'',1,NULL,NULL,'2013-04-19 22:50:17','2013-04-20 08:52:11'),(31,2508,'creating alerts','2013-04-20 08:15:17','2013-04-20 15:05:06',12,0,NULL,'',1,NULL,NULL,'2013-04-20 08:15:17','2013-04-20 15:05:06'),(32,5404,'Play with gantt','2013-04-20 09:55:33','2013-04-20 13:18:22',12,0,NULL,'',1,NULL,1,'2013-04-20 09:55:33','2013-04-20 13:18:22'),(33,938,'Adding simple kanban','2013-04-20 11:25:57','2013-04-20 13:23:48',12,0,NULL,'',1,NULL,1,'2013-04-20 11:25:57','2013-04-20 13:23:48'),(34,74,'Creating kanban entity and connect to services','2013-04-20 14:49:30','2013-04-21 14:40:46',12,0,NULL,'',1,NULL,9,'2013-04-20 14:49:30','2013-04-21 14:40:46'),(35,NULL,'test','2013-04-21 14:25:22','2013-04-21 19:54:25',NULL,0,NULL,'Click to edit',1,NULL,NULL,'2013-04-21 19:53:57','2013-04-21 19:54:25'),(36,NULL,'test','2013-04-17 00:00:00','2013-04-21 14:28:39',NULL,0,NULL,'Click to edit',1,NULL,NULL,'2013-04-17 00:00:00','2013-04-21 14:28:39'),(37,NULL,'test','2013-04-17 00:00:00','2013-04-21 14:28:39',NULL,0,NULL,'Click to edit',1,NULL,NULL,'2013-04-17 00:00:00','2013-04-21 14:28:39'),(38,NULL,'test','2013-04-17 00:00:00','2013-04-21 14:30:24',12,0,NULL,'Click to edit',1,NULL,NULL,'2013-04-17 00:00:00','2013-04-21 14:30:24'),(39,NULL,'test','2013-04-17 00:00:00','2013-04-21 14:30:24',12,0,NULL,'Click to edit',1,NULL,NULL,'2013-04-17 00:00:00','2013-04-21 14:30:24'),(40,NULL,'test','2013-04-23 00:00:00','2013-04-21 14:30:24',12,0,NULL,'Click to edit',1,NULL,NULL,'2013-04-23 00:00:00','2013-04-21 14:30:24'),(41,NULL,'new task','2013-04-23 00:00:00','2013-04-21 14:32:56',12,0,NULL,'Click to edit',1,NULL,NULL,'2013-04-23 00:00:00','2013-04-21 14:32:56'),(42,NULL,'refactoring activities datetime','2013-04-21 15:16:09','2013-04-21 17:20:40',NULL,0,NULL,'',1,NULL,NULL,'2013-04-21 17:14:30','2013-04-21 17:05:45'),(43,NULL,'refactoring activities datetime','2013-04-21 15:16:13','2013-04-21 16:59:48',NULL,0,NULL,'',1,NULL,NULL,'2013-04-21 16:59:31','2013-04-21 15:16:13'),(44,NULL,'new after refactror','2013-04-17 00:00:00','2013-04-21 16:10:30',12,0,NULL,'Click to edit',1,NULL,NULL,'2013-04-17 00:00:00','2013-04-21 16:10:30'),(45,NULL,'nog test','2013-04-23 00:00:00','2013-04-21 18:56:28',12,0,NULL,'Click to edit',1,NULL,NULL,'2013-04-21 18:56:06','2013-04-21 16:12:09'),(46,NULL,'terug tijd','2013-04-21 16:23:13','2013-04-23 23:49:40',12,0,NULL,'Click to edit',1,NULL,NULL,'2013-04-24 00:00:00','2013-05-02 23:59:59'),(47,NULL,'test date start & end','2013-04-21 16:38:12','2013-04-21 17:00:34',NULL,0,NULL,'',1,NULL,NULL,'2013-04-21 17:00:30','2013-04-21 16:59:31'),(48,NULL,'TESTRUNNING','2013-04-21 18:48:35','2013-04-21 20:24:17',NULL,0,NULL,'',1,NULL,NULL,'2013-04-21 20:24:05','2013-04-21 20:24:17'),(49,NULL,'TESTNEWUSERS','2013-04-21 20:17:33','2013-04-21 20:33:43',NULL,0,NULL,NULL,1,NULL,NULL,'2013-04-21 20:24:17','2013-04-21 20:24:05'),(50,NULL,'deze werkt nog ni','2013-04-21 20:30:38','2013-04-21 20:30:38',12,0,NULL,'Click to edit',NULL,NULL,NULL,'2013-04-22 00:00:00','2013-04-29 23:59:59'),(51,NULL,'Create quick activity with time','2013-04-22 20:51:34','2013-04-23 07:16:00',NULL,0,NULL,NULL,1,NULL,NULL,'2013-04-22 20:51:34',NULL),(52,NULL,'myeysety','2013-04-24 18:00:57','2013-04-24 18:00:57',NULL,0,NULL,'Click to edit',1,NULL,NULL,'2013-04-24 18:00:57',NULL),(53,NULL,'new record qsuick tags','2013-04-24 18:03:48','2013-04-24 18:03:48',NULL,0,NULL,'Click to edit',1,NULL,NULL,'2013-04-24 18:03:48',NULL),(54,NULL,'new quick record','2013-04-24 18:05:46','2013-04-24 18:13:11',NULL,0,NULL,'Click to edit',1,NULL,NULL,'2013-04-24 18:13:07',NULL),(55,NULL,'alee he','2013-04-24 18:06:06','2013-04-24 18:06:06',NULL,0,NULL,'Click to edit',1,NULL,NULL,'2013-04-24 18:06:06',NULL),(56,NULL,'enzeez','2013-04-24 18:06:36','2013-04-24 18:06:36',NULL,0,NULL,'Click to edit',1,NULL,NULL,'2013-04-24 18:06:36',NULL),(57,NULL,'ja ddeze wel','2013-04-24 18:07:57','2013-04-24 18:07:57',NULL,0,NULL,'Click to edit',1,NULL,NULL,'2013-04-24 18:07:57',NULL),(58,NULL,'occhhh en deees qucik tag werkt dat al','2013-04-24 18:14:19','2013-04-24 18:29:16',NULL,0,NULL,'Click to edit',NULL,NULL,NULL,'2013-04-24 18:14:19',NULL),(59,NULL,'zonder js','2013-04-24 18:18:57','2013-04-24 18:20:54',NULL,0,NULL,NULL,NULL,NULL,NULL,'2013-04-24 18:18:57',NULL),(60,NULL,'waarom gene quicktag','2013-04-24 18:21:12','2013-04-24 18:21:12',NULL,0,NULL,'Click to edit',1,NULL,NULL,'2013-04-24 18:21:12',NULL),(61,NULL,'kijk is hers','2013-04-24 18:27:19','2013-04-24 18:28:06',NULL,0,NULL,NULL,1,NULL,NULL,'2013-04-24 18:27:19',NULL),(62,NULL,'deze dabn?','2013-04-24 18:28:11','2013-04-24 18:28:11',NULL,0,NULL,'Click to edit',1,NULL,NULL,'2013-04-24 18:28:11',NULL),(63,NULL,'jajajaja','2013-04-24 18:32:30','2013-04-24 18:32:30',NULL,0,NULL,NULL,1,NULL,NULL,'2013-04-24 18:32:30',NULL),(64,NULL,'2h|deze dabn?','2013-04-24 18:52:39','2013-04-24 18:56:08',NULL,0,NULL,NULL,1,NULL,NULL,'2013-04-24 18:52:39',NULL),(65,NULL,'22h|klucht','2013-04-24 19:01:30','2013-04-24 19:01:52',NULL,0,NULL,NULL,1,NULL,NULL,'2013-04-24 19:01:30',NULL),(66,NULL,'2h| testing and creating quick timenotion','2013-04-24 19:26:31','2013-04-24 19:26:31',NULL,0,NULL,NULL,1,NULL,NULL,'2013-04-24 19:26:31',NULL),(67,NULL,' aleeja?','2013-04-24 19:30:24','2013-04-24 19:30:24',NULL,0,NULL,NULL,1,NULL,NULL,'2013-04-24 19:30:24',NULL),(68,NULL,' aleeja?','2013-04-24 19:31:47','2013-04-24 19:31:47',NULL,0,NULL,NULL,1,NULL,NULL,'2013-04-24 19:31:47',NULL),(69,NULL,'aleeja?jajj','2013-04-24 19:32:26','2013-04-24 19:32:26',NULL,0,NULL,NULL,1,NULL,NULL,'2013-04-24 19:32:26',NULL),(70,NULL,'2h | aleeja?jajj','2013-04-24 19:33:15','2013-04-24 19:33:28',NULL,0,NULL,NULL,1,NULL,NULL,'2013-04-24 19:33:15',NULL),(71,NULL,'testing','2013-04-24 19:33:39','2013-04-24 19:33:39',NULL,0,NULL,NULL,1,NULL,NULL,'2013-04-24 19:33:39',NULL),(72,NULL,'testing quick time','2013-04-24 19:38:48','2013-04-24 19:38:48',NULL,0,NULL,NULL,1,NULL,NULL,'2013-04-24 19:38:48',NULL),(73,NULL,'testing quick time','2013-04-24 19:40:08','2013-04-24 19:40:08',NULL,0,NULL,NULL,1,NULL,NULL,'2013-04-24 19:40:08',NULL),(74,NULL,'testing quick time','2013-04-24 19:40:44','2013-04-24 19:40:44',NULL,0,NULL,NULL,1,NULL,NULL,'2013-04-24 19:40:44',NULL),(75,NULL,'testing quick time','2013-04-24 19:42:05','2013-04-24 19:42:05',NULL,0,NULL,NULL,1,NULL,NULL,'2013-04-24 19:42:05',NULL),(76,NULL,'testing quick time','2013-04-24 19:42:50','2013-04-24 19:42:50',NULL,0,NULL,NULL,1,NULL,NULL,'2013-04-24 19:42:50',NULL),(77,NULL,'testing quick time','2013-04-24 19:43:41','2013-04-24 19:43:41',NULL,0,NULL,NULL,1,NULL,NULL,'2013-04-24 19:43:41',NULL),(78,NULL,'3h|testing quick time','2013-04-24 19:45:54','2013-04-24 19:46:05',NULL,0,NULL,NULL,1,NULL,NULL,'2013-04-24 19:45:54',NULL),(79,NULL,'sfhklfldqfjjklsdjfsqdklm','2013-04-24 19:46:14','2013-04-24 19:46:14',NULL,0,NULL,NULL,1,NULL,NULL,'2013-04-24 19:46:14',NULL),(80,NULL,'sfhklfldqfjjklsdjfsqdklm','2013-04-24 19:46:39','2013-04-24 19:46:39',NULL,0,NULL,NULL,1,NULL,NULL,'2013-04-24 19:46:39',NULL),(81,NULL,'sfhklfldqfjjklsdjfsqdklm','2013-04-24 19:46:54','2013-04-24 19:46:54',NULL,0,NULL,NULL,1,NULL,NULL,'2013-04-24 19:46:54',NULL),(82,NULL,'sfhklfldqfjjklsdjfsqdklm','2013-04-24 19:47:50','2013-04-24 19:47:50',NULL,0,NULL,NULL,1,NULL,NULL,'2013-04-24 19:47:50',NULL),(83,NULL,'sfhklfldqfjjklsdjfsqdklm','2013-04-24 19:48:59','2013-04-24 19:48:59',NULL,0,NULL,NULL,1,NULL,NULL,'2013-04-24 19:48:59',NULL),(84,NULL,'sfhklfldqfjjklsdjfsqdklm','2013-04-24 19:50:40','2013-04-24 19:50:40',NULL,0,NULL,NULL,1,NULL,NULL,'2013-04-24 19:50:39',NULL),(85,NULL,'sfhklfldqfjjklsdjfsqdklm','2013-04-24 19:52:26','2013-04-24 19:52:26',NULL,0,NULL,NULL,1,NULL,NULL,'2013-04-24 19:52:26',NULL),(86,NULL,'sfhklfldqfjjklsdjfsqdklm','2013-04-24 19:53:02','2013-04-24 19:53:02',NULL,0,NULL,NULL,1,NULL,NULL,'2013-04-24 19:53:02',NULL),(87,NULL,'sfhklfldqfjjklsdjfsqdklm','2013-04-24 20:35:07','2013-04-24 20:35:07',NULL,0,NULL,NULL,1,NULL,NULL,'2013-04-24 20:35:07',NULL),(88,NULL,'sfhklfldqfjjklsdjfsqdklm','2013-04-24 20:35:38','2013-04-24 20:35:38',NULL,0,NULL,NULL,1,NULL,NULL,'2013-04-24 20:35:38',NULL),(89,NULL,'sfhklfldqfjjklsdjfsqdklm','2013-04-24 20:36:12','2013-04-24 20:36:12',NULL,0,NULL,NULL,1,NULL,NULL,'2013-04-24 20:36:12',NULL),(90,NULL,'sfhklfldqfjjklsdjfsqdklm','2013-04-24 20:37:24','2013-04-24 20:37:24',NULL,0,NULL,NULL,1,NULL,NULL,'2013-04-24 20:37:24',NULL),(91,NULL,'sfhklfldqfjjklsdjfsqdklm','2013-04-24 20:37:35','2013-04-24 20:37:35',NULL,0,NULL,NULL,1,NULL,NULL,'2013-04-24 20:37:35',NULL),(92,NULL,' vandaag gaat het no zo gzo','2013-04-24 20:45:02','2013-04-24 20:45:02',NULL,0,NULL,NULL,1,NULL,NULL,'2013-04-24 20:45:02',NULL),(93,NULL,'making quick backtime notation','2013-04-24 20:54:14','2013-04-24 20:54:14',NULL,0,NULL,NULL,1,NULL,NULL,'2013-04-24 20:54:14',NULL),(94,NULL,'making quick backtime notation back default','2013-04-24 20:56:32','2013-04-24 20:56:32',NULL,0,NULL,NULL,1,NULL,NULL,'2013-04-24 20:56:32',NULL),(95,NULL,'add new task from 2 hour and subtrackt','2013-04-24 21:05:15','2013-04-24 21:05:15',NULL,0,NULL,NULL,1,NULL,NULL,'2013-04-24 21:05:15',NULL),(96,NULL,'add new task from 2 hour and subtrackt','2013-04-24 21:10:01','2013-04-24 21:10:01',NULL,0,NULL,NULL,1,NULL,NULL,'2013-04-24 21:10:01',NULL),(97,NULL,'lolo','2013-04-24 21:14:31','2013-04-24 21:14:31',NULL,0,NULL,NULL,1,NULL,NULL,'2013-04-24 21:14:31',NULL),(98,NULL,'lolo2','2013-04-24 21:15:20','2013-04-24 21:15:20',NULL,0,NULL,NULL,1,NULL,NULL,'2013-04-24 21:15:20',NULL),(99,NULL,'24/04/2013|testser','2013-04-24 21:46:57','2013-04-24 22:43:53',NULL,0,NULL,NULL,1,NULL,NULL,'2013-04-24 21:46:57',NULL),(100,NULL,'sjqfsdkmfjskf','2013-04-24 22:38:02','2013-04-24 22:38:02',NULL,0,NULL,NULL,1,NULL,NULL,'2013-04-24 22:38:02',NULL),(101,NULL,'sfhkjdsfhfe','2013-04-24 22:47:12','2013-04-24 22:47:12',NULL,0,NULL,NULL,1,NULL,NULL,'2013-04-24 22:47:12',NULL),(102,NULL,'sfhkjdsfhfe','2013-04-24 22:55:31','2013-04-24 22:55:31',NULL,0,NULL,NULL,1,NULL,NULL,'2013-04-24 22:55:31',NULL),(103,NULL,'sfhkjdsfhfe','2013-04-24 22:57:45','2013-04-24 22:57:45',NULL,0,NULL,NULL,1,NULL,NULL,'2013-04-24 22:57:45',NULL),(104,NULL,'my teststst','2013-04-24 23:40:57','2013-04-24 23:54:10',NULL,0,NULL,NULL,1,NULL,NULL,'2013-04-24 23:54:04',NULL),(105,NULL,'test h','2013-04-24 23:41:13','2013-04-24 23:41:13',NULL,0,NULL,NULL,1,NULL,NULL,'2013-04-24 23:41:13',NULL),(106,NULL,'test h','2013-04-24 23:41:43','2013-04-24 23:41:43',NULL,0,NULL,NULL,1,NULL,NULL,'2013-04-24 23:41:43',NULL),(107,NULL,'test h','2013-04-24 23:42:20','2013-04-24 23:42:20',NULL,0,NULL,NULL,1,NULL,NULL,'2013-04-24 23:42:20',NULL),(108,NULL,'test heree','2013-04-24 23:46:58','2013-04-24 23:46:58',NULL,0,NULL,NULL,1,NULL,NULL,'2013-04-24 23:46:58',NULL),(109,NULL,'test heree','2013-04-24 23:47:30','2013-04-24 23:47:30',NULL,0,NULL,NULL,1,NULL,NULL,'2013-04-24 23:47:30',NULL),(110,NULL,'test heree','2013-04-24 23:48:49','2013-04-24 23:48:49',NULL,0,NULL,NULL,1,NULL,NULL,'2013-04-24 23:48:49',NULL),(111,NULL,'test heree','2013-04-24 23:49:36','2013-04-24 23:49:36',NULL,0,NULL,NULL,1,NULL,NULL,'2013-04-24 23:49:36',NULL),(112,NULL,'2h 10:00 11-04-2012','2013-04-25 00:00:22','2013-04-25 00:07:08',NULL,0,NULL,NULL,1,NULL,NULL,'2013-04-25 00:00:22',NULL),(113,NULL,'test project','2013-04-25 00:00:33','2013-04-25 00:00:33',NULL,0,NULL,NULL,1,NULL,NULL,'2013-04-25 00:00:33',NULL),(114,NULL,'test project','2013-04-25 00:01:23','2013-04-25 00:01:23',NULL,0,NULL,NULL,1,NULL,NULL,'2013-04-25 00:01:23',NULL),(115,NULL,'test project','2013-04-25 00:04:16','2013-04-25 00:04:16',NULL,0,NULL,NULL,1,NULL,NULL,'2013-04-25 00:04:16',NULL),(116,NULL,'2h 12:00 10-23-2013','2013-04-25 00:06:00','2013-04-25 20:29:17',NULL,0,NULL,'tsets',1,NULL,NULL,'2013-04-25 00:06:00',NULL),(117,NULL,'tseteset','2013-04-25 00:06:08','2013-04-25 00:06:08',NULL,0,NULL,NULL,1,NULL,NULL,'2013-04-25 00:06:08',NULL),(118,NULL,'tseteset','2013-04-25 00:06:43','2013-04-25 00:06:43',NULL,0,NULL,NULL,1,NULL,NULL,'2013-04-25 00:06:43',NULL),(119,NULL,'testets','2013-04-25 00:07:43','2013-04-25 00:07:43',NULL,0,NULL,NULL,1,NULL,NULL,'2013-04-25 00:07:43',NULL),(120,NULL,'testets','2013-04-25 00:08:04','2013-04-25 22:35:22',NULL,0,NULL,NULL,1,NULL,NULL,'2013-04-25 22:35:17',NULL),(121,NULL,'testets','2013-04-25 00:08:28','2013-04-25 22:17:38',NULL,0,NULL,NULL,1,NULL,NULL,'2013-04-25 22:17:33',NULL),(122,NULL,'tset project','2013-04-25 00:11:10','2013-04-25 22:27:30',NULL,0,NULL,NULL,1,NULL,NULL,'2013-04-25 22:27:24',NULL),(123,NULL,'sdfjqlf','2013-04-25 00:11:50','2013-04-25 19:15:48',NULL,0,NULL,NULL,1,NULL,NULL,'2013-04-25 19:00:37',NULL),(124,NULL,'tesmpfsdf','2013-04-25 00:13:21','2013-04-25 21:51:06',NULL,0,NULL,NULL,1,NULL,NULL,'2013-04-25 21:51:00',NULL),(125,NULL,'tsetmkls','2013-04-25 00:13:36','2013-04-25 21:53:59',NULL,0,NULL,NULL,1,NULL,NULL,'2013-04-25 21:53:56',NULL),(126,NULL,'refactoring activity controller and twig index file','2013-04-25 21:02:20','2013-04-25 21:51:15',NULL,0,NULL,NULL,1,NULL,NULL,'2013-04-25 21:51:11',NULL),(127,NULL,'refactoring activity controller and twig index file','2013-04-25 21:24:09','2013-04-25 22:01:32',NULL,0,NULL,NULL,1,NULL,NULL,'2013-04-25 21:57:02',NULL),(128,NULL,' fixing billable','2013-04-26 00:08:38','2013-04-26 00:08:38',NULL,0,NULL,NULL,1,NULL,NULL,'2013-04-26 00:08:38',NULL),(129,NULL,' added icons to activity view','2013-04-26 17:54:08','2013-04-26 17:54:08',NULL,0,NULL,NULL,1,NULL,NULL,'2013-04-26 17:54:08',NULL),(130,NULL,'tset','2013-04-26 18:03:28','2013-04-26 18:03:52',NULL,0,NULL,NULL,1,NULL,NULL,'2013-04-26 18:03:28',NULL),(131,NULL,'Deze is laatste','2013-04-26 18:03:35','2013-04-26 19:37:57',NULL,0,NULL,NULL,1,NULL,NULL,'2013-04-26 19:34:47',NULL),(132,NULL,'added quick project notation','2013-04-27 13:42:04','2013-04-27 13:42:04',NULL,0,NULL,NULL,1,NULL,NULL,'2013-04-27 13:42:04',NULL),(133,NULL,'quick project taging','2013-04-27 13:44:05','2013-04-27 13:44:05',NULL,0,NULL,NULL,1,NULL,NULL,'2013-04-27 13:44:05',NULL),(134,NULL,'quick taginsgs','2013-04-27 13:46:12','2013-04-27 13:46:12',12,0,NULL,NULL,1,NULL,NULL,'2013-04-27 13:46:12',NULL),(135,NULL,'fixed ajax project quick taging','2013-04-27 13:54:49','2013-04-27 13:54:49',12,0,NULL,NULL,1,NULL,NULL,'2013-04-27 13:54:49',NULL),(136,NULL,'testing','2013-04-27 13:55:49','2013-04-27 13:55:49',12,0,NULL,NULL,1,NULL,NULL,'2013-04-27 13:55:49',NULL),(137,NULL,' testings','2013-04-27 13:56:35','2013-04-27 13:56:35',12,0,NULL,NULL,1,NULL,NULL,'2013-04-27 13:56:35',NULL),(138,NULL,'testing','2013-04-27 13:57:35','2013-04-27 13:57:35',12,0,NULL,NULL,1,NULL,NULL,'2013-04-27 13:57:35',NULL),(139,NULL,'testingsss','2013-04-27 13:57:54','2013-04-27 13:57:55',12,0,NULL,NULL,1,NULL,NULL,'2013-04-27 13:57:54',NULL),(140,NULL,'added quick project notation','2013-04-27 14:02:56','2013-04-27 14:02:56',12,0,NULL,NULL,1,NULL,NULL,'2013-04-27 14:02:56',NULL),(141,NULL,' testings','2013-04-27 14:06:23','2013-04-27 14:06:23',12,0,NULL,NULL,1,NULL,NULL,'2013-04-27 14:06:23',NULL),(142,NULL,' testings quick project tagging','2013-04-27 14:07:10','2013-04-27 14:07:11',12,0,NULL,NULL,1,NULL,NULL,'2013-04-27 14:07:10',NULL),(143,NULL,'installing on openmaniacs','2013-04-27 20:19:54','2013-04-27 20:19:54',14,0,NULL,NULL,1,NULL,NULL,'2013-04-27 20:19:54',NULL),(144,25412280,'choose a open source cms lightwight in symfony','2013-04-27 22:02:02','2013-04-28 08:08:58',15,0,NULL,NULL,1,NULL,NULL,'2013-04-27 22:02:00','2014-02-16 00:00:00'),(145,NULL,'setup CMS','2013-04-28 08:23:45','2013-04-28 08:23:45',15,0,NULL,NULL,1,NULL,NULL,'2013-04-28 08:23:45',NULL);
/*!40000 ALTER TABLE `Activity` ENABLE KEYS */;
UNLOCK TABLES;

--
-- Table structure for table `ActivityTime`
--

DROP TABLE IF EXISTS `ActivityTime`;
/*!40101 SET @saved_cs_client     = @@character_set_client */;
/*!40101 SET character_set_client = utf8 */;
CREATE TABLE `ActivityTime` (
  `id` int(11) NOT NULL AUTO_INCREMENT,
  `total_time` int(11) DEFAULT NULL,
  `activity` int(11) DEFAULT NULL,
  `created` datetime NOT NULL,
  `end` datetime DEFAULT NULL,
  `updated` datetime NOT NULL,
  `start` datetime DEFAULT NULL,
  `billable` tinyint(1) DEFAULT NULL,
  PRIMARY KEY (`id`),
  KEY `IDX_E8C56BFBAC74095A` (`activity`),
  CONSTRAINT `FK_E8C56BFBAC74095A` FOREIGN KEY (`activity`) REFERENCES `Activity` (`id`)
) ENGINE=InnoDB AUTO_INCREMENT=304 DEFAULT CHARSET=utf8 COLLATE=utf8_unicode_ci;
/*!40101 SET character_set_client = @saved_cs_client */;

--
-- Dumping data for table `ActivityTime`
--

LOCK TABLES `ActivityTime` WRITE;
/*!40000 ALTER TABLE `ActivityTime` DISABLE KEYS */;
INSERT INTO `ActivityTime` VALUES (1,NULL,1,'2008-01-01 00:00:00','2013-04-21 15:39:07','2013-04-21 15:40:21','2008-01-01 00:00:00',0),(2,0,8,'2013-04-12 09:43:15','2013-04-21 15:39:07','2013-04-21 15:40:21','2013-04-12 09:43:15',0),(3,0,9,'2013-04-12 09:52:33','2013-04-21 15:39:07','2013-04-21 15:40:21','2013-04-12 09:52:33',0),(4,NULL,8,'2013-04-12 15:15:50','2013-04-21 15:39:07','2013-04-21 15:40:21','2013-04-12 15:15:50',0),(5,NULL,2,'2013-04-12 15:25:42','2013-04-21 15:39:07','2013-04-21 15:40:21','2013-04-12 15:25:42',0),(6,19,9,'2013-04-12 15:34:31','2013-04-21 15:39:07','2013-04-21 15:40:21','2013-04-12 15:34:31',0),(7,10,7,'2013-04-12 15:35:16','2013-04-21 15:39:07','2013-04-21 15:40:21','2013-04-12 15:35:16',0),(8,14,8,'2013-04-12 15:35:26','2013-04-21 15:39:07','2013-04-21 15:40:21','2013-04-12 15:35:26',0),(9,865,6,'2013-04-12 15:35:40','2013-04-21 15:39:07','2013-04-21 15:40:21','2013-04-12 15:35:40',0),(10,11,10,'2013-04-12 15:49:45','2013-04-21 15:39:07','2013-04-21 15:40:21','2013-04-12 15:49:45',0),(11,8,10,'2013-04-12 15:50:05','2013-04-21 15:39:07','2013-04-21 15:40:21','2013-04-12 15:50:05',0),(12,25,9,'2013-04-12 15:52:39','2013-04-21 15:39:07','2013-04-21 15:40:21','2013-04-12 15:52:39',0),(13,436,11,'2013-04-12 15:53:04','2013-04-21 15:39:07','2013-04-21 15:40:21','2013-04-12 15:53:04',0),(14,20979,12,'2013-04-12 16:00:38','2013-04-21 15:39:07','2013-04-21 15:40:21','2013-04-12 16:00:38',0),(15,1636,13,'2013-04-12 21:51:54','2013-04-21 15:39:07','2013-04-21 15:40:21','2013-04-12 21:51:54',0),(16,356,14,'2013-04-12 22:19:43','2013-04-21 15:39:07','2013-04-21 15:40:21','2013-04-12 22:19:43',0),(17,1247,13,'2013-04-12 22:25:30','2013-04-21 15:39:07','2013-04-21 15:40:21','2013-04-12 22:25:30',0),(18,3516,14,'2013-04-12 22:46:26','2013-04-21 15:39:07','2013-04-21 15:40:21','2013-04-12 22:46:26',0),(19,15,14,'2013-04-12 23:45:18','2013-04-21 15:39:07','2013-04-21 15:40:21','2013-04-12 23:45:18',0),(20,11,14,'2013-04-12 23:50:04','2013-04-21 15:39:07','2013-04-21 15:40:21','2013-04-12 23:50:04',0),(21,31,14,'2013-04-12 23:50:27','2013-04-21 15:39:07','2013-04-21 15:40:21','2013-04-12 23:50:27',0),(22,1729,14,'2013-04-13 00:02:32','2013-04-21 15:39:07','2013-04-21 15:40:21','2013-04-13 00:02:32',0),(23,32059,14,'2013-04-13 01:19:39','2013-04-21 15:39:07','2013-04-21 15:40:21','2013-04-13 01:19:39',0),(24,35,13,'2013-04-13 10:14:36','2013-04-21 15:39:07','2013-04-21 15:40:21','2013-04-13 10:14:36',0),(25,16,14,'2013-04-13 10:14:52','2013-04-21 15:39:07','2013-04-21 15:40:21','2013-04-13 10:14:52',0),(26,43,13,'2013-04-13 10:15:24','2013-04-21 15:39:07','2013-04-21 15:40:21','2013-04-13 10:15:24',0),(27,20,12,'2013-04-13 10:15:32','2013-04-21 15:39:07','2013-04-21 15:40:21','2013-04-13 10:15:32',0),(28,13,12,'2013-04-13 10:16:13','2013-04-21 15:39:07','2013-04-21 15:40:21','2013-04-13 10:16:13',0),(29,245,13,'2013-04-13 10:16:29','2013-04-21 15:39:07','2013-04-21 15:40:21','2013-04-13 10:16:29',0),(30,15,14,'2013-04-13 10:18:42','2013-04-21 15:39:07','2013-04-21 15:40:21','2013-04-13 10:18:42',0),(31,NULL,14,'2013-04-13 11:11:17','2013-04-21 15:39:07','2013-04-21 15:40:21','2013-04-13 11:11:17',0),(32,242,13,'2013-04-13 11:11:21','2013-04-21 15:39:07','2013-04-21 15:40:21','2013-04-13 11:11:21',0),(33,4,8,'2013-04-13 11:51:31','2013-04-21 15:39:07','2013-04-21 15:40:21','2013-04-13 11:51:31',0),(34,9509,15,'2013-04-13 12:06:33','2013-04-21 15:39:07','2013-04-21 15:40:21','2013-04-13 12:06:33',0),(35,414,16,'2013-04-13 15:07:05','2013-04-21 15:39:07','2013-04-21 15:40:21','2013-04-13 15:07:05',0),(36,3798,17,'2013-04-13 15:17:58','2013-04-21 15:39:07','2013-04-21 15:40:21','2013-04-13 15:17:58',0),(37,16969,18,'2013-04-13 16:21:25','2013-04-21 15:39:07','2013-04-21 15:40:21','2013-04-13 16:21:25',0),(38,26,19,'2013-04-13 21:32:43','2013-04-21 15:39:07','2013-04-21 15:40:21','2013-04-13 21:32:43',0),(39,2441,19,'2013-04-13 21:33:12','2013-04-21 15:39:07','2013-04-21 15:40:21','2013-04-13 21:33:12',0),(40,24331,20,'2013-04-14 00:49:56','2013-04-21 15:39:07','2013-04-21 15:40:21','2013-04-14 00:49:56',0),(41,657,21,'2013-04-14 00:49:57','2013-04-21 15:39:07','2013-04-21 15:40:21','2013-04-14 00:49:57',0),(42,23590,20,'2013-04-14 01:02:17','2013-04-21 15:39:07','2013-04-21 15:40:21','2013-04-14 01:02:17',0),(43,13686,21,'2013-04-14 09:38:01','2013-04-21 15:39:07','2013-04-21 15:40:21','2013-04-14 09:38:01',0),(44,98970,22,'2013-04-14 13:37:53','2013-04-21 15:39:07','2013-04-21 15:40:21','2013-04-14 13:37:53',0),(45,127,23,'2013-04-15 17:08:49','2013-04-21 15:39:07','2013-04-21 15:40:21','2013-04-15 17:08:49',0),(46,99476,24,'2013-04-15 17:12:36','2013-04-21 15:39:07','2013-04-21 15:40:21','2013-04-15 17:12:36',0),(47,4410,23,'2013-04-15 17:12:44','2013-04-21 15:39:07','2013-04-21 15:40:21','2013-04-15 17:12:44',0),(48,9,24,'2013-04-16 20:50:23','2013-04-21 15:39:07','2013-04-21 15:40:21','2013-04-16 20:50:23',0),(49,31117,25,'2013-04-16 22:59:38','2013-04-21 15:39:07','2013-04-21 15:40:21','2013-04-16 22:59:38',0),(50,353,26,'2013-04-17 18:08:29','2013-04-21 15:39:07','2013-04-21 15:40:21','2013-04-17 18:08:29',0),(51,2623,27,'2013-04-17 18:23:34','2013-04-21 15:39:07','2013-04-21 15:40:21','2013-04-17 18:23:34',0),(52,19048,27,'2013-04-17 19:24:53','2013-04-21 15:39:07','2013-04-21 15:40:21','2013-04-17 19:24:53',0),(53,13,27,'2013-04-18 01:00:00','2013-04-21 15:39:07','2013-04-21 15:40:21','2013-04-18 01:00:00',0),(54,27612,28,'2013-04-18 23:44:04','2013-04-21 15:39:07','2013-04-21 15:40:21','2013-04-18 23:44:04',0),(55,8643,29,'2013-04-19 18:50:23','2013-04-21 15:39:07','2013-04-21 15:40:21','2013-04-19 18:50:23',0),(56,78,29,'2013-04-19 22:10:15','2013-04-21 15:39:07','2013-04-21 15:40:21','2013-04-19 22:10:15',0),(57,8,29,'2013-04-19 22:12:04','2013-04-21 15:39:07','2013-04-21 15:40:21','2013-04-19 22:12:04',0),(58,4,29,'2013-04-19 22:12:19','2013-04-21 15:39:07','2013-04-21 15:40:21','2013-04-19 22:12:19',0),(59,4,29,'2013-04-19 22:13:41','2013-04-21 15:39:07','2013-04-21 15:40:21','2013-04-19 22:13:41',0),(60,3,29,'2013-04-19 22:15:03','2013-04-21 15:39:07','2013-04-21 15:40:21','2013-04-19 22:15:03',0),(61,62,29,'2013-04-19 22:15:09','2013-04-21 15:39:07','2013-04-21 15:40:21','2013-04-19 22:15:09',0),(62,53,29,'2013-04-19 22:16:14','2013-04-21 15:39:07','2013-04-21 15:40:21','2013-04-19 22:16:14',0),(63,519,29,'2013-04-19 22:17:12','2013-04-21 15:39:07','2013-04-21 15:40:21','2013-04-19 22:17:12',0),(64,199,29,'2013-04-19 22:25:55','2013-04-21 15:39:07','2013-04-21 15:40:21','2013-04-19 22:25:55',0),(65,NULL,28,'2013-04-19 22:26:09','2013-04-21 15:39:07','2013-04-21 15:40:21','2013-04-19 22:26:09',0),(66,112,29,'2013-04-19 22:27:22','2013-04-21 15:39:07','2013-04-21 15:40:21','2013-04-19 22:27:22',0),(67,NULL,28,'2013-04-19 22:29:17','2013-04-21 15:39:07','2013-04-21 15:40:21','2013-04-19 22:29:17',0),(68,36995,27,'2013-04-19 22:29:20','2013-04-21 15:39:07','2013-04-21 15:40:21','2013-04-19 22:29:20',0),(69,519,29,'2013-04-19 22:29:22','2013-04-21 15:39:07','2013-04-21 15:40:21','2013-04-19 22:29:22',0),(70,2,29,'2013-04-19 22:44:43','2013-04-21 15:39:07','2013-04-21 15:40:21','2013-04-19 22:44:43',0),(71,2,29,'2013-04-19 22:44:47','2013-04-21 15:39:07','2013-04-21 15:40:21','2013-04-19 22:44:47',0),(72,3,25,'2013-04-19 22:44:53','2013-04-21 15:39:07','2013-04-21 15:40:21','2013-04-19 22:44:53',0),(73,244,30,'2013-04-19 22:50:17','2013-04-21 15:39:07','2013-04-21 15:40:21','2013-04-19 22:50:17',0),(74,2,30,'2013-04-19 23:00:13','2013-04-21 15:39:07','2013-04-21 15:40:21','2013-04-19 23:00:13',0),(75,156,29,'2013-04-19 23:00:18','2013-04-21 15:39:07','2013-04-21 15:40:21','2013-04-19 23:00:18',0),(76,NULL,28,'2013-04-19 23:00:22','2013-04-21 15:39:07','2013-04-21 15:40:21','2013-04-19 23:00:22',0),(77,NULL,26,'2013-04-19 23:00:24','2013-04-21 15:39:07','2013-04-21 15:40:21','2013-04-19 23:00:24',0),(78,256,30,'2013-04-19 23:00:32','2013-04-21 15:39:07','2013-04-21 15:40:21','2013-04-19 23:00:32',0),(79,52,29,'2013-04-19 23:02:02','2013-04-21 15:39:07','2013-04-21 15:40:21','2013-04-19 23:02:02',0),(80,13,29,'2013-04-19 23:02:58','2013-04-21 15:39:07','2013-04-21 15:40:21','2013-04-19 23:02:58',0),(81,93,30,'2013-04-19 23:03:15','2013-04-21 15:39:07','2013-04-21 15:40:21','2013-04-19 23:03:15',0),(82,510,29,'2013-04-19 23:03:19','2013-04-21 15:39:07','2013-04-21 15:40:21','2013-04-19 23:03:19',0),(83,66,30,'2013-04-19 23:03:42','2013-04-21 15:39:07','2013-04-21 15:40:21','2013-04-19 23:03:42',0),(84,417,29,'2013-04-19 23:04:52','2013-04-21 15:39:07','2013-04-21 15:40:21','2013-04-19 23:04:52',0),(85,61,30,'2013-04-19 23:04:56','2013-04-21 15:39:07','2013-04-21 15:40:21','2013-04-19 23:04:56',0),(86,349,29,'2013-04-19 23:06:00','2013-04-21 15:39:07','2013-04-21 15:40:21','2013-04-19 23:06:00',0),(87,NULL,28,'2013-04-19 23:06:05','2013-04-21 15:39:07','2013-04-21 15:40:21','2013-04-19 23:06:05',0),(88,71,30,'2013-04-19 23:06:08','2013-04-21 15:39:07','2013-04-21 15:40:21','2013-04-19 23:06:08',0),(89,61,30,'2013-04-19 23:07:22','2013-04-21 15:39:07','2013-04-21 15:40:21','2013-04-19 23:07:22',0),(90,29,30,'2013-04-19 23:08:25','2013-04-21 15:39:07','2013-04-21 15:40:21','2013-04-19 23:08:25',0),(91,68,30,'2013-04-19 23:08:56','2013-04-21 15:39:07','2013-04-21 15:40:21','2013-04-19 23:08:56',0),(92,150,29,'2013-04-19 23:09:19','2013-04-21 15:39:07','2013-04-21 15:40:21','2013-04-19 23:09:19',0),(93,NULL,28,'2013-04-19 23:09:24','2013-04-21 15:39:07','2013-04-21 15:40:21','2013-04-19 23:09:24',0),(94,15,30,'2013-04-19 23:09:49','2013-04-21 15:39:07','2013-04-21 15:40:21','2013-04-19 23:09:49',0),(95,342,30,'2013-04-19 23:10:05','2013-04-21 15:39:07','2013-04-21 15:40:21','2013-04-19 23:10:05',0),(96,98,29,'2013-04-19 23:10:11','2013-04-21 15:39:07','2013-04-21 15:40:21','2013-04-19 23:10:11',0),(97,34,29,'2013-04-19 23:11:51','2013-04-21 15:39:07','2013-04-21 15:40:21','2013-04-19 23:11:51',0),(98,30981,29,'2013-04-19 23:12:27','2013-04-21 15:39:07','2013-04-21 15:40:21','2013-04-19 23:12:27',0),(99,33,30,'2013-04-19 23:15:14','2013-04-21 15:39:07','2013-04-21 15:40:21','2013-04-19 23:15:14',0),(100,284,30,'2013-04-19 23:15:49','2013-04-21 15:39:07','2013-04-21 15:40:21','2013-04-19 23:15:49',0),(101,832,30,'2013-04-19 23:20:36','2013-04-21 15:39:07','2013-04-21 15:40:21','2013-04-19 23:20:36',0),(102,606,30,'2013-04-19 23:37:29','2013-04-21 15:39:07','2013-04-21 15:40:21','2013-04-19 23:37:29',0),(103,26672,30,'2013-04-19 23:47:37','2013-04-21 15:39:07','2013-04-21 15:40:21','2013-04-19 23:47:37',0),(104,351,30,'2013-04-20 07:12:12','2013-04-21 15:39:07','2013-04-21 15:40:21','2013-04-20 07:12:12',0),(105,62,29,'2013-04-20 07:47:46','2013-04-21 15:39:07','2013-04-21 15:40:21','2013-04-20 07:47:46',0),(106,4,3,'2013-04-20 07:47:51','2013-04-21 15:39:07','2013-04-21 15:40:21','2013-04-20 07:47:51',0),(107,1828,3,'2013-04-20 07:48:45','2013-04-21 15:39:07','2013-04-21 15:40:21','2013-04-20 07:48:45',0),(108,28,29,'2013-04-20 07:48:52','2013-04-21 15:39:07','2013-04-21 15:40:21','2013-04-20 07:48:52',0),(109,123,29,'2013-04-20 07:49:26','2013-04-21 15:39:07','2013-04-21 15:40:21','2013-04-20 07:49:26',0),(110,50,30,'2013-04-20 07:51:30','2013-04-21 15:39:07','2013-04-21 15:40:21','2013-04-20 07:51:30',0),(111,9,30,'2013-04-20 07:52:23','2013-04-21 15:39:07','2013-04-21 15:40:21','2013-04-20 07:52:23',0),(112,NULL,29,'2013-04-20 07:52:34','2013-04-21 15:39:07','2013-04-21 15:40:21','2013-04-20 07:52:34',0),(113,47,30,'2013-04-20 07:52:36','2013-04-21 15:39:07','2013-04-21 15:40:21','2013-04-20 07:52:36',0),(114,42,30,'2013-04-20 07:53:25','2013-04-21 15:39:07','2013-04-21 15:40:21','2013-04-20 07:53:25',0),(115,2,21,'2013-04-20 07:53:29','2013-04-21 15:39:07','2013-04-21 15:40:21','2013-04-20 07:53:29',0),(116,4,30,'2013-04-20 07:54:03','2013-04-21 15:39:07','2013-04-21 15:40:21','2013-04-20 07:54:03',0),(117,18,30,'2013-04-20 07:55:15','2013-04-21 15:39:07','2013-04-21 15:40:21','2013-04-20 07:55:15',0),(118,116,30,'2013-04-20 07:55:35','2013-04-21 15:39:07','2013-04-21 15:40:21','2013-04-20 07:55:35',0),(119,74,30,'2013-04-20 07:57:35','2013-04-21 15:39:07','2013-04-21 15:40:21','2013-04-20 07:57:35',0),(120,NULL,7,'2013-04-20 07:58:53','2013-04-21 15:39:07','2013-04-21 15:40:21','2013-04-20 07:58:53',0),(121,724,30,'2013-04-20 07:58:58','2013-04-21 15:39:07','2013-04-21 15:40:21','2013-04-20 07:58:58',0),(122,242,30,'2013-04-20 08:11:05','2013-04-21 15:39:07','2013-04-21 15:40:21','2013-04-20 08:11:05',0),(123,39,31,'2013-04-20 08:15:17','2013-04-21 15:39:07','2013-04-21 15:40:21','2013-04-20 08:15:17',0),(124,27,31,'2013-04-20 08:17:12','2013-04-21 15:39:07','2013-04-21 15:40:21','2013-04-20 08:17:12',0),(125,64,31,'2013-04-20 08:17:41','2013-04-21 15:39:07','2013-04-21 15:40:21','2013-04-20 08:17:41',0),(126,106,31,'2013-04-20 08:18:47','2013-04-21 15:39:07','2013-04-21 15:40:21','2013-04-20 08:18:47',0),(127,4,3,'2013-04-20 08:19:09','2013-04-21 15:39:07','2013-04-21 15:40:21','2013-04-20 08:19:09',0),(128,6,3,'2013-04-20 08:19:18','2013-04-21 15:39:07','2013-04-21 15:40:21','2013-04-20 08:19:18',0),(129,467,31,'2013-04-20 08:32:13','2013-04-21 15:39:07','2013-04-21 15:40:21','2013-04-20 08:32:13',0),(130,135,31,'2013-04-20 08:41:39','2013-04-21 15:39:07','2013-04-21 15:40:21','2013-04-20 08:41:39',0),(131,788,31,'2013-04-20 08:43:57','2013-04-21 15:39:07','2013-04-21 15:40:21','2013-04-20 08:43:57',0),(132,109,30,'2013-04-20 08:44:01','2013-04-21 15:39:07','2013-04-21 15:40:21','2013-04-20 08:44:01',0),(133,2,27,'2013-04-20 08:45:53','2013-04-21 15:39:07','2013-04-21 15:40:21','2013-04-20 08:45:53',0),(134,17,30,'2013-04-20 08:51:43','2013-04-21 15:39:07','2013-04-21 15:40:21','2013-04-20 08:51:43',0),(135,8,30,'2013-04-20 08:52:03','2013-04-21 15:39:07','2013-04-21 15:40:21','2013-04-20 08:52:03',0),(136,2,31,'2013-04-20 08:57:03','2013-04-21 15:39:07','2013-04-21 15:40:21','2013-04-20 08:57:03',0),(137,5321,32,'2013-04-20 09:55:33','2013-04-21 15:39:07','2013-04-21 15:40:21','2013-04-20 09:55:33',0),(138,77,32,'2013-04-20 11:24:20','2013-04-21 15:39:07','2013-04-21 15:40:21','2013-04-20 11:24:20',0),(139,936,33,'2013-04-20 11:25:57','2013-04-21 15:39:07','2013-04-21 15:40:21','2013-04-20 11:25:57',0),(140,5835,33,'2013-04-20 11:41:35','2013-04-21 15:39:07','2013-04-21 15:40:21','2013-04-20 11:41:35',0),(141,11,33,'2013-04-20 13:18:56','2013-04-21 15:39:07','2013-04-21 15:40:21','2013-04-20 13:18:56',0),(142,5,33,'2013-04-20 13:19:25','2013-04-21 15:39:07','2013-04-21 15:40:21','2013-04-20 13:19:25',0),(143,240,33,'2013-04-20 13:19:48','2013-04-21 15:39:07','2013-04-21 15:40:21','2013-04-20 13:19:48',0),(144,65711,34,'2013-04-20 14:49:30','2013-04-21 15:39:07','2013-04-21 15:40:21','2013-04-20 14:49:30',0),(145,20161,34,'2013-04-21 09:04:45','2013-04-21 15:39:07','2013-04-21 15:40:21','2013-04-21 09:04:45',0),(146,0,35,'2013-04-21 14:25:22','2013-04-21 19:54:25','2013-04-21 19:54:25','2013-04-21 14:25:22',0),(147,0,36,'2013-04-21 14:28:39','2013-04-21 15:39:07','2013-04-21 15:40:21','2013-04-21 14:28:39',0),(148,0,37,'2013-04-21 14:28:39','2013-04-21 15:39:07','2013-04-21 15:40:21','2013-04-21 14:28:39',0),(149,0,38,'2013-04-21 14:30:24','2013-04-21 15:39:07','2013-04-21 15:40:21','2013-04-21 14:30:24',0),(150,0,39,'2013-04-21 14:30:24','2013-04-21 15:39:07','2013-04-21 15:40:21','2013-04-21 14:30:24',0),(151,0,40,'2013-04-21 14:30:24','2013-04-21 15:39:07','2013-04-21 15:40:21','2013-04-21 14:30:24',0),(152,0,41,'2013-04-21 14:32:56','2013-04-21 15:39:07','2013-04-21 15:40:21','2013-04-21 14:32:56',0),(153,16,42,'2013-04-21 15:16:09','2013-04-21 15:39:07','2013-04-21 15:40:21','2013-04-21 15:16:09',0),(154,0,43,'2013-04-21 15:16:13','2013-04-21 15:39:07','2013-04-21 15:40:21','2013-04-21 15:16:13',0),(155,0,44,'2013-04-21 16:10:30','0000-00-00 00:00:00','2013-04-21 16:10:30','0000-00-00 00:00:00',0),(156,0,45,'2013-04-21 16:12:09','0000-00-00 00:00:00','2013-04-21 16:12:09','0000-00-00 00:00:00',0),(157,0,46,'2013-04-21 16:23:13','0000-00-00 00:00:00','2013-04-21 16:23:13','0000-00-00 00:00:00',0),(158,0,47,'2013-04-21 16:38:12','0000-00-00 00:00:00','2013-04-21 16:38:12','0000-00-00 00:00:00',0),(159,NULL,47,'2013-04-21 16:46:36','2013-04-21 16:46:36','2013-04-21 16:46:36','2013-04-21 16:46:36',0),(160,38,47,'2013-04-21 16:48:23','2013-04-21 16:49:01','2013-04-21 16:49:01','2013-04-21 16:48:23',0),(161,19,47,'2013-04-21 16:49:17','2013-04-21 16:49:36','2013-04-21 16:49:36','2013-04-21 16:49:17',0),(162,76,47,'2013-04-21 16:59:18','2013-04-21 17:00:34','2013-04-21 17:00:34','2013-04-21 16:59:18',0),(163,17,43,'2013-04-21 16:59:31','2013-04-21 16:59:48','2013-04-21 16:59:48','2013-04-21 16:59:31',0),(164,4,47,'2013-04-21 17:00:30','2013-04-21 17:00:34','2013-04-21 17:00:34','2013-04-21 17:00:30',0),(165,98,35,'2013-04-21 17:01:49','2013-04-21 19:54:25','2013-04-21 19:54:25','2013-04-21 17:01:49',0),(166,NULL,42,'2013-04-21 17:01:52','2013-04-21 17:01:52','2013-04-21 17:01:52','2013-04-21 17:01:52',0),(167,15,35,'2013-04-21 17:03:12','2013-04-21 19:54:25','2013-04-21 19:54:25','2013-04-21 17:03:12',0),(168,47,35,'2013-04-21 17:05:01','2013-04-21 19:54:25','2013-04-21 19:54:25','2013-04-21 17:05:01',0),(169,NULL,42,'2013-04-21 17:05:06','2013-04-21 17:05:06','2013-04-21 17:05:06','2013-04-21 17:05:06',0),(170,3,35,'2013-04-21 17:05:45','2013-04-21 19:54:25','2013-04-21 19:54:25','2013-04-21 17:05:45',0),(171,NULL,35,'2013-04-21 17:12:20','2013-04-21 19:54:25','2013-04-21 19:54:25','2013-04-21 17:12:20',0),(172,NULL,42,'2013-04-21 17:14:30','2013-04-21 17:14:30','2013-04-21 17:14:30','2013-04-21 17:14:30',0),(173,NULL,35,'2013-04-21 17:20:27','2013-04-21 19:54:25','2013-04-21 19:54:25','2013-04-21 17:20:27',0),(174,NULL,35,'2013-04-21 17:26:56','2013-04-21 19:54:25','2013-04-21 19:54:25','2013-04-21 17:26:56',0),(175,5,45,'2013-04-21 17:41:40','2013-04-21 17:41:45','2013-04-21 17:41:45','2013-04-21 17:41:40',0),(176,18,35,'2013-04-21 17:42:40','2013-04-21 19:54:25','2013-04-21 19:54:25','2013-04-21 17:42:40',0),(177,NULL,35,'2013-04-21 17:43:24','2013-04-21 19:54:25','2013-04-21 19:54:25','2013-04-21 17:43:24',0),(178,NULL,45,'2013-04-21 17:45:01','0000-00-00 00:00:00','2013-04-21 17:45:01','2013-04-21 17:45:01',0),(179,NULL,35,'2013-04-21 18:24:37','2013-04-21 19:54:25','2013-04-21 19:54:25','2013-04-21 18:24:37',0),(180,NULL,35,'2013-04-21 18:33:50','2013-04-21 19:54:25','2013-04-21 19:54:25','2013-04-21 18:33:50',0),(181,NULL,35,'2013-04-21 18:36:45','2013-04-21 19:54:25','2013-04-21 19:54:25','2013-04-21 18:36:45',0),(182,NULL,35,'2013-04-21 18:39:56','2013-04-21 19:54:25','2013-04-21 19:54:25','2013-04-21 18:39:56',0),(183,85,48,'2013-04-21 18:48:35','2013-04-21 20:24:17','2013-04-21 20:24:17','2013-04-21 18:48:35',0),(184,252,48,'2013-04-21 18:50:26','2013-04-21 20:24:17','2013-04-21 20:24:17','2013-04-21 18:50:26',0),(185,15,48,'2013-04-21 18:55:18','2013-04-21 20:24:17','2013-04-21 20:24:17','2013-04-21 18:55:18',0),(186,17,48,'2013-04-21 18:56:00','2013-04-21 20:24:17','2013-04-21 20:24:17','2013-04-21 18:56:00',0),(187,22,45,'2013-04-21 18:56:06','2013-04-21 18:56:28','2013-04-21 18:56:28','2013-04-21 18:56:06',0),(188,1433,48,'2013-04-21 19:02:07','2013-04-21 20:24:17','2013-04-21 20:24:17','2013-04-21 19:02:07',0),(189,93,35,'2013-04-21 19:24:49','2013-04-21 19:54:25','2013-04-21 19:54:25','2013-04-21 19:24:48',0),(190,124,48,'2013-04-21 19:26:08','2013-04-21 20:24:17','2013-04-21 20:24:17','2013-04-21 19:26:08',0),(191,152,35,'2013-04-21 19:26:37','2013-04-21 19:54:25','2013-04-21 19:54:25','2013-04-21 19:26:37',0),(192,57,48,'2013-04-21 19:28:32','2013-04-21 20:24:17','2013-04-21 20:24:17','2013-04-21 19:28:32',0),(193,175,48,'2013-04-21 19:29:44','2013-04-21 20:24:17','2013-04-21 20:24:17','2013-04-21 19:29:44',0),(194,NULL,35,'2013-04-21 19:29:52','2013-04-21 19:54:25','2013-04-21 19:54:25','2013-04-21 19:29:52',0),(195,NULL,35,'2013-04-21 19:34:54','2013-04-21 19:54:25','2013-04-21 19:54:25','2013-04-21 19:34:54',0),(196,30,48,'2013-04-21 19:35:38','2013-04-21 20:24:17','2013-04-21 20:24:17','2013-04-21 19:35:38',0),(197,584,48,'2013-04-21 19:37:18','2013-04-21 20:24:17','2013-04-21 20:24:17','2013-04-21 19:37:18',0),(198,204,35,'2013-04-21 19:44:08','2013-04-21 19:54:25','2013-04-21 19:54:25','2013-04-21 19:44:08',0),(199,159,48,'2013-04-21 19:44:23','2013-04-21 20:24:17','2013-04-21 20:24:17','2013-04-21 19:44:23',0),(200,4,35,'2013-04-21 19:47:28','2013-04-21 19:54:25','2013-04-21 19:54:25','2013-04-21 19:47:28',0),(201,NULL,48,'2013-04-21 19:50:18','2013-04-21 20:24:17','2013-04-21 20:24:17','2013-04-21 19:50:18',0),(202,NULL,35,'2013-04-21 19:53:57','2013-04-21 19:54:25','2013-04-21 19:54:25','2013-04-21 19:53:57',0),(203,NULL,48,'2013-04-21 19:54:25','2013-04-21 20:24:17','2013-04-21 20:24:17','2013-04-21 19:54:25',0),(204,0,49,'2013-04-21 20:17:33','2013-04-21 20:24:05','2013-04-21 20:24:05','2013-04-21 20:17:33',0),(205,NULL,48,'2013-04-21 20:24:05','2013-04-21 20:24:17','2013-04-21 20:24:17','2013-04-21 20:24:05',0),(206,566,49,'2013-04-21 20:24:17','2013-04-21 20:33:43','2013-04-21 20:33:43','2013-04-21 20:24:17',0),(207,0,50,'2013-04-21 20:30:38',NULL,'2013-04-21 20:30:38',NULL,0),(208,37466,51,'2013-04-22 20:51:34','2013-04-23 07:16:00','2013-04-23 07:16:00','2013-04-22 20:51:34',0),(209,4,54,'2013-04-24 18:13:07','2013-04-24 18:13:11','2013-04-24 18:13:11','2013-04-24 18:13:07',0),(210,117,59,'2013-04-24 18:18:57','2013-04-24 18:20:54','2013-04-24 18:20:54','2013-04-24 18:18:57',0),(211,47,61,'2013-04-24 18:27:19','2013-04-24 18:28:06','2013-04-24 18:28:06','2013-04-24 18:27:19',0),(212,209,64,'2013-04-24 18:52:39','2013-04-24 18:56:08','2013-04-24 18:56:08','2013-04-24 18:52:39',0),(213,22,65,'2013-04-24 19:01:30','2013-04-24 19:01:52','2013-04-24 19:01:52','2013-04-24 19:01:30',0),(214,13,70,'2013-04-24 19:33:15','2013-04-24 19:33:28','2013-04-24 19:33:28','2013-04-24 19:33:15',0),(215,NULL,71,'2013-04-24 19:33:40','2013-04-24 19:33:40','2013-04-24 19:33:40','2013-04-24 19:33:40',0),(216,11,78,'2013-04-24 19:45:54','2013-04-24 19:46:05','2013-04-24 19:46:05','2013-04-24 19:45:54',0),(217,NULL,83,'2013-04-24 19:48:59','2013-04-24 19:48:59','2013-04-24 19:48:59','2013-04-24 19:48:59',0),(218,NULL,84,'2013-04-24 19:50:40','2013-04-24 23:50:40','2013-04-24 19:50:40','2013-04-24 23:50:40',0),(219,NULL,86,'2013-04-24 19:53:02','2013-04-24 23:53:02','2013-04-24 19:53:02','2013-04-24 19:53:02',0),(220,NULL,88,'2013-04-24 20:35:38','2013-04-25 00:35:38','2013-04-24 20:35:38','2013-04-24 20:35:38',0),(221,NULL,90,'2013-04-24 20:37:24','2013-04-25 00:37:24','2013-04-24 20:37:24','2013-04-24 20:37:24',0),(222,NULL,91,'2013-04-24 20:37:35','2013-04-25 10:37:35','2013-04-24 20:37:35','2013-04-24 20:37:35',0),(223,NULL,92,'2013-04-24 20:45:02','2013-04-24 22:45:02','2013-04-24 20:45:02','2013-04-24 20:45:02',0),(224,NULL,93,'2013-04-24 20:54:14','2013-04-25 00:54:14','2013-04-24 20:54:14','2013-04-24 20:54:14',0),(225,NULL,94,'2013-04-24 20:56:32','2013-04-24 16:56:32','2013-04-24 20:56:32','2013-04-24 20:56:32',0),(226,NULL,95,'2013-04-24 21:05:15','2013-04-24 21:05:15','2013-04-24 21:05:15','2013-04-24 20:05:15',0),(227,NULL,97,'2013-04-24 21:14:31','2013-04-24 20:14:31','2013-04-24 21:14:31','2013-04-24 21:14:31',0),(228,NULL,98,'2013-04-24 21:15:21','2013-04-24 22:15:21','2013-04-24 21:15:21','2013-04-24 21:15:21',0),(229,3416,99,'2013-04-24 21:46:57','2013-04-24 22:43:53','2013-04-24 22:43:53','2013-04-24 21:46:57',0),(230,NULL,100,'2013-04-24 22:38:02','2013-07-04 00:00:00','2013-04-24 22:38:02','2013-07-03 04:00:00',0),(231,NULL,101,'2013-04-24 22:47:12','2013-04-02 10:47:12','2013-04-24 22:47:12','2013-04-01 14:47:12',0),(232,NULL,102,'2013-04-24 22:55:31','2013-04-02 10:55:31','2013-04-24 22:55:31','2013-04-01 14:55:31',0),(233,NULL,103,'2013-04-24 22:57:45','2013-04-03 06:57:45','2013-04-24 22:57:45','2013-04-02 10:57:45',0),(234,NULL,105,'2013-04-24 23:41:13','2013-04-24 23:41:13','2013-04-24 23:41:13','2013-04-24 21:41:13',0),(235,NULL,106,'2013-04-24 23:41:43','2013-04-25 01:41:43','2013-04-24 23:41:43','2013-04-24 23:41:43',0),(236,NULL,107,'2013-04-24 23:42:20','2013-04-24 23:42:20','2013-04-24 23:42:20','2013-04-24 21:42:20',0),(237,NULL,108,'2013-04-24 23:46:58','2013-04-24 23:46:58','2013-04-24 23:46:58','2013-04-24 21:46:58',0),(238,NULL,109,'2013-04-24 23:47:30','2013-04-24 23:47:30','2013-04-24 23:47:30','2013-04-24 21:47:30',0),(239,NULL,110,'2013-04-24 23:48:49','2013-02-12 13:48:49','2013-04-24 23:48:49','2013-02-12 11:48:49',0),(240,6,104,'2013-04-24 23:54:04','2013-04-24 23:54:10','2013-04-24 23:54:10','2013-04-24 23:54:04',0),(241,NULL,123,'2013-04-25 00:11:51','2012-12-10 14:00:00','2013-04-25 00:11:51','2012-12-10 12:00:00',0),(242,NULL,125,'2013-04-25 00:13:36','2013-04-25 18:42:14','2013-04-25 18:42:14','2013-12-12 03:00:00',0),(243,NULL,125,'2013-04-25 18:42:11','2013-04-25 18:42:14','2013-04-25 18:42:14','2013-04-25 18:42:11',0),(244,23,123,'2013-04-25 18:42:14','2013-04-25 18:42:37','2013-04-25 18:42:37','2013-04-25 18:42:14',0),(245,167,123,'2013-04-25 19:00:37','2013-04-25 19:03:24','2013-04-25 19:03:24','2013-04-25 19:00:37',0),(246,140,125,'2013-04-25 19:01:07','2013-04-25 19:03:27','2013-04-25 19:03:27','2013-04-25 19:01:07',0),(247,68,124,'2013-04-25 19:02:20','2013-04-25 19:03:28','2013-04-25 19:03:28','2013-04-25 19:02:20',0),(248,112,124,'2013-04-25 19:06:19','2013-04-25 19:08:11','2013-04-25 19:08:11','2013-04-25 19:06:19',0),(249,6,124,'2013-04-25 19:46:33','2013-04-25 19:46:39','2013-04-25 19:46:39','2013-04-25 19:46:33',NULL),(250,5,124,'2013-04-25 19:48:22','2013-04-25 19:48:27','2013-04-25 19:48:27','2013-04-25 19:48:22',NULL),(251,6,124,'2013-04-25 19:49:49','2013-04-25 19:49:55','2013-04-25 19:49:55','2013-04-25 19:49:49',NULL),(252,30,124,'2013-04-25 19:50:37','2013-04-25 19:51:06','2013-04-25 19:51:06','2013-04-25 19:50:36',NULL),(253,5,124,'2013-04-25 19:56:38','2013-04-25 19:56:43','2013-04-25 19:56:43','2013-04-25 19:56:38',NULL),(254,5,124,'2013-04-25 19:56:59','2013-04-25 19:57:04','2013-04-25 19:57:04','2013-04-25 19:56:59',NULL),(255,116,124,'2013-04-25 19:57:48','2013-04-25 19:59:44','2013-04-25 19:59:44','2013-04-25 19:57:48',NULL),(256,672,124,'2013-04-25 19:59:47','2013-04-25 20:10:59','2013-04-25 20:10:59','2013-04-25 19:59:47',NULL),(257,3,124,'2013-04-25 20:51:26','2013-04-25 20:51:29','2013-04-25 20:51:29','2013-04-25 20:51:26',NULL),(258,NULL,126,'2013-04-25 21:02:20','2013-04-25 21:02:20','2013-04-25 21:02:20','2013-04-25 19:02:20',NULL),(259,2,124,'2013-04-25 21:06:55','2013-04-25 21:06:57','2013-04-25 21:06:57','2013-04-25 21:06:55',NULL),(260,NULL,127,'2013-04-25 21:24:09','2013-04-25 21:24:09','2013-04-25 21:24:09','2013-04-25 19:24:09',NULL),(261,3,127,'2013-04-25 21:43:51','2013-04-25 21:43:54','2013-04-25 21:43:54','2013-04-25 21:43:51',NULL),(262,104,127,'2013-04-25 21:45:06','2013-04-25 21:46:50','2013-04-25 21:46:50','2013-04-25 21:45:06',NULL),(263,48,127,'2013-04-25 21:46:54','2013-04-25 21:47:42','2013-04-25 21:47:42','2013-04-25 21:46:54',NULL),(264,10,127,'2013-04-25 21:47:46','2013-04-25 21:47:56','2013-04-25 21:47:56','2013-04-25 21:47:46',NULL),(265,9,127,'2013-04-25 21:48:01','2013-04-25 21:48:10','2013-04-25 21:48:10','2013-04-25 21:48:01',NULL),(266,9,127,'2013-04-25 21:49:42','2013-04-25 21:49:51','2013-04-25 21:49:51','2013-04-25 21:49:42',NULL),(267,6,124,'2013-04-25 21:51:00','2013-04-25 21:51:06','2013-04-25 21:51:06','2013-04-25 21:51:00',NULL),(268,4,126,'2013-04-25 21:51:12','2013-04-25 21:51:15','2013-04-25 21:51:15','2013-04-25 21:51:11',NULL),(269,3,125,'2013-04-25 21:53:56','2013-04-25 21:53:59','2013-04-25 21:53:59','2013-04-25 21:53:56',NULL),(270,44,127,'2013-04-25 21:56:16','2013-04-25 21:57:00','2013-04-25 21:57:00','2013-04-25 21:56:16',NULL),(271,270,127,'2013-04-25 21:57:02','2013-04-25 22:01:32','2013-04-25 22:01:32','2013-04-25 21:57:02',NULL),(272,5,122,'2013-04-25 22:01:38','2013-04-25 22:01:43','2013-04-25 22:01:43','2013-04-25 22:01:38',NULL),(273,3,122,'2013-04-25 22:01:46','2013-04-25 22:01:49','2013-04-25 22:01:49','2013-04-25 22:01:46',NULL),(274,4,122,'2013-04-25 22:17:21','2013-04-25 22:17:25','2013-04-25 22:17:25','2013-04-25 22:17:21',NULL),(275,5,121,'2013-04-25 22:17:33','2013-04-25 22:17:38','2013-04-25 22:17:38','2013-04-25 22:17:33',NULL),(276,3,120,'2013-04-25 22:19:45',NULL,'2013-04-25 23:50:28',NULL,1),(277,3,120,'2013-04-25 22:20:02',NULL,'2013-04-25 23:35:53',NULL,1),(278,4,122,'2013-04-25 22:22:29','2013-04-25 22:22:33','2013-04-25 22:22:33','2013-04-25 22:22:29',NULL),(279,10,122,'2013-04-25 22:23:01','2013-04-25 22:23:11','2013-04-25 22:23:11','2013-04-25 22:23:01',NULL),(280,110,122,'2013-04-25 22:23:19','2013-04-25 22:25:09','2013-04-25 22:25:09','2013-04-25 22:23:19',NULL),(281,109,122,'2013-04-25 22:25:15','2013-04-25 22:27:04','2013-04-25 22:27:04','2013-04-25 22:25:15',NULL),(282,6,122,'2013-04-25 22:27:24','2013-04-25 22:27:30','2013-04-25 22:27:30','2013-04-25 22:27:24',NULL),(283,5,120,'2013-04-25 22:35:17','2013-04-25 22:35:22','2013-04-25 22:35:22','2013-04-25 22:35:17',NULL),(284,NULL,128,'2013-04-26 00:08:38','2013-04-26 00:08:38','2013-04-26 00:08:38','2013-04-25 21:08:38',NULL),(285,NULL,129,'2013-04-26 17:54:08','2013-04-26 17:54:08','2013-04-26 17:54:08','2013-04-26 16:54:08',NULL),(286,6,131,'2013-04-26 19:01:04','2013-04-26 19:01:10','2013-04-26 19:01:10','2013-04-26 19:01:04',NULL),(287,11,131,'2013-04-26 19:05:12','2013-04-26 19:05:22','2013-04-26 19:05:22','2013-04-26 19:05:11',NULL),(288,431,131,'2013-04-26 19:05:25','2013-04-26 19:12:36','2013-04-26 19:12:36','2013-04-26 19:05:25',NULL),(289,1325,131,'2013-04-26 19:12:40','2013-04-26 19:34:45','2013-04-26 19:34:45','2013-04-26 19:12:40',1),(290,190,131,'2013-04-26 19:34:47','2013-04-26 19:37:57','2013-04-26 19:37:57','2013-04-26 19:34:47',1),(291,NULL,132,'2013-04-27 13:42:05','2013-04-27 13:42:05','2013-04-27 13:42:05','2013-04-27 11:42:05',1),(292,NULL,134,'2013-04-27 13:46:12','2013-04-27 13:46:12','2013-04-27 13:46:12','2013-04-27 11:46:12',1),(293,NULL,135,'2013-04-27 13:54:49','2013-04-27 13:54:49','2013-04-27 13:54:49','2013-04-27 12:54:49',1),(294,NULL,136,'2013-04-27 13:55:49','2013-04-27 13:55:49','2013-04-27 13:55:49','2013-04-27 12:55:49',1),(295,NULL,137,'2013-04-27 13:56:35','2013-04-27 13:56:35','2013-04-27 13:56:35','2013-04-27 12:56:35',1),(296,NULL,138,'2013-04-27 13:57:35','2013-04-27 13:57:35','2013-04-27 13:57:35','2013-04-27 12:57:35',1),(297,NULL,139,'2013-04-27 13:57:54','2013-04-27 13:57:54','2013-04-27 13:57:54','2013-04-27 12:57:54',1),(298,NULL,140,'2013-04-27 14:02:56','2013-04-27 14:02:56','2013-04-27 14:02:56','2013-04-27 13:02:56',1),(299,NULL,141,'2013-04-27 14:06:23','2013-04-27 14:06:23','2013-04-27 14:06:23','2013-04-27 13:06:23',1),(300,NULL,142,'2013-04-27 14:07:10','2013-04-27 14:07:10','2013-04-27 14:07:10','2013-04-27 13:07:10',1),(301,NULL,143,'2013-04-27 20:19:54','2013-04-27 20:19:54','2013-04-27 20:19:54','2013-04-27 18:19:54',1),(302,36416,144,'2013-04-27 22:02:02','2013-04-28 08:08:58','2013-04-28 08:08:58','2013-04-27 22:02:02',1),(303,NULL,145,'2013-04-28 08:23:45','2013-04-28 08:23:45','2013-04-28 08:23:45','2013-04-28 06:23:45',1);
/*!40000 ALTER TABLE `ActivityTime` ENABLE KEYS */;
UNLOCK TABLES;

--
-- Table structure for table `Alias`
--

DROP TABLE IF EXISTS `Alias`;
/*!40101 SET @saved_cs_client     = @@character_set_client */;
/*!40101 SET character_set_client = utf8 */;
CREATE TABLE `Alias` (
  `id` int(11) NOT NULL AUTO_INCREMENT,
  `name` varchar(255) COLLATE utf8_unicode_ci NOT NULL,
  `alias` varchar(255) COLLATE utf8_unicode_ci NOT NULL,
  `created` datetime NOT NULL,
  `updated` datetime NOT NULL,
  PRIMARY KEY (`id`)
) ENGINE=InnoDB AUTO_INCREMENT=8 DEFAULT CHARSET=utf8 COLLATE=utf8_unicode_ci;
/*!40101 SET character_set_client = @saved_cs_client */;

--
-- Dumping data for table `Alias`
--

LOCK TABLES `Alias` WRITE;
/*!40000 ALTER TABLE `Alias` DISABLE KEYS */;
INSERT INTO `Alias` VALUES (1,'Test','Test','2013-04-19 19:13:21','2013-04-19 19:13:21'),(2,'Test','Test','2013-04-19 19:27:42','2013-04-19 19:27:42'),(3,'Test','Test','2013-04-19 19:31:09','2013-04-19 19:31:09'),(4,'Test','Test','2013-04-19 19:33:41','2013-04-19 19:33:41'),(5,'Test','Test','2013-04-19 19:35:03','2013-04-19 19:35:03'),(6,'Test','Test','2013-04-19 19:36:17','2013-04-19 19:36:17'),(7,'Test','Test','2013-04-19 19:40:03','2013-04-19 19:40:03');
/*!40000 ALTER TABLE `Alias` ENABLE KEYS */;
UNLOCK TABLES;

--
-- Table structure for table `Kanban`
--

DROP TABLE IF EXISTS `Kanban`;
/*!40101 SET @saved_cs_client     = @@character_set_client */;
/*!40101 SET character_set_client = utf8 */;
CREATE TABLE `Kanban` (
  `id` int(11) NOT NULL AUTO_INCREMENT,
  `queue` tinyint(1) NOT NULL,
  `project` varchar(255) COLLATE utf8_unicode_ci NOT NULL,
  `created` datetime NOT NULL,
  `updated` datetime NOT NULL,
  `service_id` int(11) DEFAULT NULL,
  PRIMARY KEY (`id`),
  KEY `IDX_36498C36ED5CA9E6` (`service_id`),
  CONSTRAINT `FK_36498C36ED5CA9E6` FOREIGN KEY (`service_id`) REFERENCES `Service` (`id`)
) ENGINE=InnoDB DEFAULT CHARSET=utf8 COLLATE=utf8_unicode_ci;
/*!40101 SET character_set_client = @saved_cs_client */;

--
-- Dumping data for table `Kanban`
--

LOCK TABLES `Kanban` WRITE;
/*!40000 ALTER TABLE `Kanban` DISABLE KEYS */;
/*!40000 ALTER TABLE `Kanban` ENABLE KEYS */;
UNLOCK TABLES;

--
-- Table structure for table `Service`
--

DROP TABLE IF EXISTS `Service`;
/*!40101 SET @saved_cs_client     = @@character_set_client */;
/*!40101 SET character_set_client = utf8 */;
CREATE TABLE `Service` (
  `id` int(11) NOT NULL AUTO_INCREMENT,
  `name` varchar(255) COLLATE utf8_unicode_ci NOT NULL,
  `rate` int(11) NOT NULL,
  `description` longtext COLLATE utf8_unicode_ci NOT NULL,
  `created` datetime NOT NULL,
  `updated` datetime NOT NULL,
  `kanban` tinyint(1) NOT NULL,
  `kanbanWeight` int(11) NOT NULL,
  PRIMARY KEY (`id`)
) ENGINE=InnoDB AUTO_INCREMENT=11 DEFAULT CHARSET=utf8 COLLATE=utf8_unicode_ci;
/*!40101 SET character_set_client = @saved_cs_client */;

--
-- Dumping data for table `Service`
--

LOCK TABLES `Service` WRITE;
/*!40000 ALTER TABLE `Service` DISABLE KEYS */;
INSERT INTO `Service` VALUES (1,'Development',65,'Development','2013-04-19 18:06:25','2013-04-20 12:11:44',1,2),(2,'Documentation',70,'Documentation','2013-04-20 12:12:27','2013-04-20 12:12:27',1,5),(3,'Ifrastructure',90,'Ifrastructure of the server env','2013-04-20 12:13:20','2013-04-20 12:13:20',1,1),(4,'Project managment',80,'PM','2013-04-20 12:14:02','2013-04-20 12:14:02',0,0),(5,'Quality assurance',100,'Qa','2013-04-20 12:14:55','2013-04-20 12:14:55',0,0),(6,'Requirements',90,'Requirements','2013-04-20 12:15:34','2013-04-20 12:15:34',0,0),(7,'Support',120,'Support','2013-04-20 12:15:59','2013-04-20 12:15:59',0,0),(8,'System analysis',150,'System analysis','2013-04-20 12:17:22','2013-04-20 12:17:22',0,0),(9,'Testing',120,'Testing','2013-04-20 12:17:51','2013-04-20 12:17:51',1,3),(10,'Deployment',100,'Deployment','2013-04-20 10:39:04','2013-04-20 10:39:04',1,4);
/*!40000 ALTER TABLE `Service` ENABLE KEYS */;
UNLOCK TABLES;

--
-- Table structure for table `_config`
--

DROP TABLE IF EXISTS `_config`;
/*!40101 SET @saved_cs_client     = @@character_set_client */;
/*!40101 SET character_set_client = utf8 */;
CREATE TABLE `_config` (
  `key` varchar(40) DEFAULT NULL,
  `value` text
) ENGINE=InnoDB DEFAULT CHARSET=latin1;
/*!40101 SET character_set_client = @saved_cs_client */;

--
-- Dumping data for table `_config`
--

LOCK TABLES `_config` WRITE;
/*!40000 ALTER TABLE `_config` DISABLE KEYS */;
INSERT INTO `_config` VALUES ('locale','\"en_US\"');
/*!40000 ALTER TABLE `_config` ENABLE KEYS */;
UNLOCK TABLES;

--
-- Table structure for table `company`
--

DROP TABLE IF EXISTS `company`;
/*!40101 SET @saved_cs_client     = @@character_set_client */;
/*!40101 SET character_set_client = utf8 */;
CREATE TABLE `company` (
  `id` int(11) NOT NULL AUTO_INCREMENT,
  `name` varchar(255) COLLATE utf8_unicode_ci NOT NULL,
  `created` datetime NOT NULL,
  `updated` datetime NOT NULL,
  PRIMARY KEY (`id`)
) ENGINE=InnoDB AUTO_INCREMENT=6 DEFAULT CHARSET=utf8 COLLATE=utf8_unicode_ci;
/*!40101 SET character_set_client = @saved_cs_client */;

--
-- Dumping data for table `company`
--

LOCK TABLES `company` WRITE;
/*!40000 ALTER TABLE `company` DISABLE KEYS */;
INSERT INTO `company` VALUES (1,'Openmaniacs','2013-04-10 18:26:41','2013-04-10 18:26:41'),(2,'Websquad','2013-04-10 19:33:33','2013-04-20 20:49:02'),(3,'AllTasty','2013-04-10 19:42:34','2013-04-20 20:50:35'),(4,'DeJongheNico','2013-04-10 19:42:59','2013-04-20 20:49:46'),(5,'Josetta','2013-04-10 21:41:17','2013-04-20 20:51:28');
/*!40000 ALTER TABLE `company` ENABLE KEYS */;
UNLOCK TABLES;

--
-- Table structure for table `customer`
--

DROP TABLE IF EXISTS `customer`;
/*!40101 SET @saved_cs_client     = @@character_set_client */;
/*!40101 SET character_set_client = utf8 */;
CREATE TABLE `customer` (
  `id` int(11) NOT NULL AUTO_INCREMENT,
  `name` varchar(255) COLLATE utf8_unicode_ci NOT NULL,
  `price_rate` int(11) NOT NULL,
  `created` datetime NOT NULL,
  `updated` datetime NOT NULL,
  PRIMARY KEY (`id`)
) ENGINE=InnoDB AUTO_INCREMENT=3 DEFAULT CHARSET=utf8 COLLATE=utf8_unicode_ci;
/*!40101 SET character_set_client = @saved_cs_client */;

--
-- Dumping data for table `customer`
--

LOCK TABLES `customer` WRITE;
/*!40000 ALTER TABLE `customer` DISABLE KEYS */;
INSERT INTO `customer` VALUES (1,'MIA',16,'2008-01-01 00:00:00','2013-04-20 20:44:36'),(2,'Openmaniacs',0,'2013-04-20 20:46:47','2013-04-20 20:46:47');
/*!40000 ALTER TABLE `customer` ENABLE KEYS */;
UNLOCK TABLES;

--
-- Table structure for table `fos_user`
--

DROP TABLE IF EXISTS `fos_user`;
/*!40101 SET @saved_cs_client     = @@character_set_client */;
/*!40101 SET character_set_client = utf8 */;
CREATE TABLE `fos_user` (
  `id` int(11) NOT NULL AUTO_INCREMENT,
  `username` varchar(255) COLLATE utf8_unicode_ci NOT NULL,
  `username_canonical` varchar(255) COLLATE utf8_unicode_ci NOT NULL,
  `email` varchar(255) COLLATE utf8_unicode_ci NOT NULL,
  `email_canonical` varchar(255) COLLATE utf8_unicode_ci NOT NULL,
  `enabled` tinyint(1) NOT NULL,
  `salt` varchar(255) COLLATE utf8_unicode_ci NOT NULL,
  `password` varchar(255) COLLATE utf8_unicode_ci NOT NULL,
  `last_login` datetime DEFAULT NULL,
  `locked` tinyint(1) NOT NULL,
  `expired` tinyint(1) NOT NULL,
  `expires_at` datetime DEFAULT NULL,
  `confirmation_token` varchar(255) COLLATE utf8_unicode_ci DEFAULT NULL,
  `password_requested_at` datetime DEFAULT NULL,
  `roles` longtext COLLATE utf8_unicode_ci NOT NULL COMMENT '(DC2Type:array)',
  `credentials_expired` tinyint(1) NOT NULL,
  `credentials_expire_at` datetime DEFAULT NULL,
  PRIMARY KEY (`id`),
  UNIQUE KEY `UNIQ_957A647992FC23A8` (`username_canonical`),
  UNIQUE KEY `UNIQ_957A6479A0D96FBF` (`email_canonical`)
) ENGINE=InnoDB AUTO_INCREMENT=3 DEFAULT CHARSET=utf8 COLLATE=utf8_unicode_ci;
/*!40101 SET character_set_client = @saved_cs_client */;

--
-- Dumping data for table `fos_user`
--

LOCK TABLES `fos_user` WRITE;
/*!40000 ALTER TABLE `fos_user` DISABLE KEYS */;
INSERT INTO `fos_user` VALUES (1,'ndj','ndj','info@dejonghenico.be','info@dejonghenico.be',1,'lf29u5z92w0k8kksc0s4ssk4004owk4','BmPJtU72kWYrJUIpEWip4ZLiBUJ3wo7ThJSe0hULLPw67fSf+h8Uf1AYYmkdMUndS2dhBXWhKdehAj/+/cYhlw==','2013-04-27 21:59:19',0,0,NULL,NULL,NULL,'a:0:{}',0,NULL),(2,'ndj2','ndj2','nico@websquad.be','nico@websquad.be',1,'rf5oaqjm0usogg4s8sgo08swc8o8og','JcWoOW/U1kTH+X2mGOyWxsiSyQF/8D6PCNFYL81gQB8XDjcdLGXE67Mxua7QvVvHVTnz+P5pq/jDdlunFvVPvA==',NULL,0,0,NULL,NULL,NULL,'a:0:{}',0,NULL);
/*!40000 ALTER TABLE `fos_user` ENABLE KEYS */;
UNLOCK TABLES;

--
-- Table structure for table `project`
--

DROP TABLE IF EXISTS `project`;
/*!40101 SET @saved_cs_client     = @@character_set_client */;
/*!40101 SET character_set_client = utf8 */;
CREATE TABLE `project` (
  `id` int(11) NOT NULL AUTO_INCREMENT,
  `name` varchar(255) COLLATE utf8_unicode_ci NOT NULL,
  `Tags` longtext COLLATE utf8_unicode_ci NOT NULL COMMENT '(DC2Type:object)',
  `created` datetime NOT NULL,
  `updated` datetime NOT NULL,
  `company` int(11) DEFAULT NULL,
  `deadline` datetime DEFAULT NULL,
  `total_budget_time` int(11) DEFAULT NULL,
  `total_budget` int(11) DEFAULT NULL,
  `description` longtext COLLATE utf8_unicode_ci,
  `project_resource_alert` int(11) DEFAULT NULL,
  `estimate` int(11) DEFAULT NULL,
  `start` datetime DEFAULT NULL,
  `end` datetime DEFAULT NULL,
  PRIMARY KEY (`id`),
  KEY `IDX_2FB3D0EE4FBF094F` (`company`),
  CONSTRAINT `FK_2FB3D0EE4FBF094F` FOREIGN KEY (`company`) REFERENCES `company` (`id`)
) ENGINE=InnoDB AUTO_INCREMENT=16 DEFAULT CHARSET=utf8 COLLATE=utf8_unicode_ci;
/*!40101 SET character_set_client = @saved_cs_client */;

--
-- Dumping data for table `project`
--

LOCK TABLES `project` WRITE;
/*!40000 ALTER TABLE `project` DISABLE KEYS */;
INSERT INTO `project` VALUES (7,'Iamhacked','s:9:\"iamhacked\";','2013-01-01 00:00:00','2013-04-27 20:16:49',1,'2013-04-30 00:00:00',40,0,'',80,NULL,'2013-01-01 00:00:00','2013-04-20 18:44:20'),(12,'Timemaniacs','s:2:\"TM\";','2013-04-20 13:15:33','2013-04-20 13:15:33',1,'2013-05-31 00:00:00',40,0,'',80,NULL,'2013-04-20 13:15:33','2013-04-20 13:15:33'),(13,'Websquad','s:8:\"websquad\";','2013-04-27 20:15:57','2013-04-27 20:15:57',2,'2013-05-31 00:00:00',0,0,NULL,100,NULL,NULL,NULL),(14,'gitonomy','s:8:\"gitonomy\";','2013-04-27 20:18:36','2013-04-27 20:18:36',1,'2013-04-30 00:00:00',NULL,NULL,NULL,NULL,NULL,NULL,NULL),(15,'CMS','s:3:\"cms\";','2013-04-27 22:01:01','2013-04-27 22:01:01',1,'2013-06-30 00:00:00',NULL,NULL,NULL,NULL,NULL,NULL,NULL);
/*!40000 ALTER TABLE `project` ENABLE KEYS */;
UNLOCK TABLES;

--
-- Table structure for table `tag`
--

DROP TABLE IF EXISTS `tag`;
/*!40101 SET @saved_cs_client     = @@character_set_client */;
/*!40101 SET character_set_client = utf8 */;
CREATE TABLE `tag` (
  `id` int(11) NOT NULL AUTO_INCREMENT,
  `name` varchar(255) COLLATE utf8_unicode_ci NOT NULL,
  `description` longtext COLLATE utf8_unicode_ci NOT NULL,
  `created` datetime NOT NULL,
  `updated` datetime NOT NULL,
  `company` longtext COLLATE utf8_unicode_ci NOT NULL COMMENT '(DC2Type:object)',
  PRIMARY KEY (`id`)
) ENGINE=InnoDB AUTO_INCREMENT=82 DEFAULT CHARSET=utf8 COLLATE=utf8_unicode_ci;
/*!40101 SET character_set_client = @saved_cs_client */;

--
-- Dumping data for table `tag`
--

LOCK TABLES `tag` WRITE;
/*!40000 ALTER TABLE `tag` DISABLE KEYS */;
INSERT INTO `tag` VALUES (1,'test','change this','2008-01-01 00:00:00','2013-04-20 07:19:02','s:4:\"sfds\";'),(2,'tag2','sdfqf','2008-01-01 00:00:00','2008-01-01 00:00:00','s:12:\"Time maniacs\";'),(3,'jajaa','jajaa des','2013-04-17 20:53:58','2013-04-17 20:53:58','N;'),(4,'jaja3a','jajaa des','2013-04-17 21:06:10','2013-04-17 21:06:10','N;'),(5,'jaja3a','jajaa des','2013-04-17 21:08:02','2013-04-17 21:08:02','N;'),(6,'jaja3a','jajaa des','2013-04-17 21:08:38','2013-04-17 21:08:38','N;'),(7,'jaja3a','jajaa des','2013-04-17 21:09:18','2013-04-17 21:09:18','N;'),(8,'jaja3a','jajaa des','2013-04-17 21:09:46','2013-04-17 21:09:46','N;'),(9,'jaja5a','jajaa des','2013-04-17 21:10:34','2013-04-17 21:10:34','N;'),(10,'jaja5a','jajaa des','2013-04-17 21:18:14','2013-04-17 21:18:14','N;'),(11,'jaja5a','jajaa des','2013-04-17 21:21:18','2013-04-17 21:21:18','N;'),(12,'jaja5a','jajaa des','2013-04-17 21:23:04','2013-04-17 21:23:04','N;'),(13,'jaja5a','jajaa des','2013-04-17 21:24:27','2013-04-17 21:24:27','N;'),(14,'jaja5a','jajaa des','2013-04-17 21:24:54','2013-04-17 21:24:54','N;'),(15,'jaja10a','jajaa des','2013-04-17 21:27:36','2013-04-17 21:27:36','N;'),(16,'jaja10a','jajaa des','2013-04-17 21:32:19','2013-04-17 21:32:19','N;'),(17,'jaofwa','jajaa destesmp','2013-04-17 22:07:12','2013-04-17 22:07:12','N;'),(18,'haha','change this','2013-04-17 22:09:03','2013-04-20 08:01:25','N;'),(19,'thishiers','jajaa destesmp','2013-04-17 22:20:37','2013-04-17 22:20:37','N;'),(20,'endeze','jajaa destesmp','2013-04-17 22:21:33','2013-04-17 22:21:33','N;'),(21,'deze wel','jajaa destesmp','2013-04-17 22:22:10','2013-04-17 22:22:10','N;'),(22,'jaofwa','jajaa destesmp','2013-04-17 22:22:58','2013-04-17 22:22:58','N;'),(23,'hiersrs','jajaa destesmp','2013-04-17 22:23:30','2013-04-17 22:23:30','N;'),(24,'deze','change this','2013-04-17 22:25:32','2013-04-19 23:41:31','N;'),(25,'komaanhe','jajaa destesmp','2013-04-17 22:26:01','2013-04-17 22:26:01','N;'),(26,'komaanhe','jajaa destesmp','2013-04-17 22:26:04','2013-04-17 22:26:04','N;'),(27,'yes','jajaa destesmp','2013-04-17 22:28:13','2013-04-17 22:28:13','N;'),(28,'ja of wa','jajaa destesmp','2013-04-17 22:28:51','2013-04-17 22:28:51','N;'),(29,'enjaofwa','jajaa destesmp','2013-04-17 22:36:24','2013-04-17 22:36:24','N;'),(30,'please','jajaa destesmp','2013-04-17 22:37:40','2013-04-17 22:37:40','N;'),(31,'dezewerkt','jajaa destesmp','2013-04-17 22:38:36','2013-04-17 22:38:36','N;'),(32,'dezeecht','jajaa destesmp','2013-04-17 22:39:28','2013-04-17 22:39:28','N;'),(33,'hierer','jajaa destesmp','2013-04-17 22:41:35','2013-04-17 22:41:35','N;'),(34,'ahhhahaa','jajaa destesmp','2013-04-17 22:41:48','2013-04-17 22:41:48','N;'),(35,'coooooooool','jajaa destesmp','2013-04-17 22:47:11','2013-04-17 22:47:11','N;'),(36,'jaja9a','jajaa destesmp','2013-04-17 23:27:34','2013-04-17 23:27:34','N;'),(37,'jajahaha','change this','2013-04-18 00:14:05','2013-04-18 00:14:05','N;'),(38,'jajaneee','change this','2013-04-18 00:14:16','2013-04-18 00:14:16','N;'),(39,'deze wel','change this','2013-04-18 00:40:37','2013-04-18 00:40:37','N;'),(40,'testtag','change this','2013-04-18 18:03:15','2013-04-18 18:03:15','N;'),(41,'Test','Test','2008-01-01 00:00:00','2013-04-19 19:45:43','N;'),(42,'Test','Test','2008-01-01 00:00:00','2013-04-19 19:46:15','N;'),(43,'Test','Test','2008-01-01 00:00:00','2013-04-19 19:48:10','N;'),(44,'Test','Test','2013-04-19 19:49:54','2013-04-19 19:49:54','s:1:\"1\";'),(45,'Test','Test','2013-04-19 19:54:59','2013-04-19 19:54:59','s:1:\"1\";'),(46,'Test','Test','2013-04-19 19:56:04','2013-04-19 19:56:04','s:1:\"1\";'),(47,'Test','Test','2013-04-19 19:56:36','2013-04-19 19:56:36','s:1:\"1\";'),(48,'Test','Test','2013-04-19 19:58:30','2013-04-19 19:58:30','s:1:\"1\";'),(49,'Test','Test','2013-04-19 20:07:38','2013-04-19 20:07:38','s:1:\"1\";'),(50,'Test','Test','2013-04-19 20:08:57','2013-04-19 20:08:57','s:1:\"1\";'),(51,'Test','Test','2013-04-19 20:09:50','2013-04-19 20:09:50','s:1:\"1\";'),(52,'Test','Test','2013-04-19 20:14:48','2013-04-19 20:14:48','s:1:\"1\";'),(53,'Test','Test','2013-04-19 20:16:39','2013-04-19 20:16:39','s:1:\"1\";'),(54,'Test','Test','2013-04-19 20:18:02','2013-04-19 20:18:02','s:1:\"1\";'),(55,'Test','Test','2013-04-19 20:21:22','2013-04-19 20:21:22','s:1:\"1\";'),(56,'Test','Test','2013-04-19 20:24:42','2013-04-19 20:24:42','s:1:\"1\";'),(57,'Test','Test','2013-04-19 20:25:48','2013-04-19 20:25:48','s:1:\"1\";'),(58,'Test','Test','2013-04-19 20:26:21','2013-04-19 20:26:21','s:1:\"1\";'),(59,'Test','Test','2013-04-19 20:27:22','2013-04-19 20:27:22','s:1:\"1\";'),(60,'Test','Test','2013-04-19 20:44:27','2013-04-19 20:44:27','s:1:\"1\";'),(61,'Test45643656','Test','2013-04-19 20:45:41','2013-04-19 20:45:41','s:1:\"1\";'),(62,'Test45643656','Test','2013-04-19 20:48:10','2013-04-19 20:48:10','s:1:\"1\";'),(63,'Test45643656','Test','2013-04-19 20:51:16','2013-04-19 20:51:16','s:1:\"1\";'),(64,'Test45643656','Test','2013-04-19 20:51:43','2013-04-19 20:51:43','s:1:\"1\";'),(65,'Test45643656','Test','2013-04-19 20:52:09','2013-04-19 20:52:09','s:1:\"1\";'),(66,'Test45643656','Test','2013-04-19 20:54:44','2013-04-19 20:54:44','s:1:\"1\";'),(67,'Test45643656','Test','2013-04-19 20:54:56','2013-04-19 20:54:56','s:1:\"1\";'),(68,'ajax','change this','2013-04-19 23:37:48','2013-04-19 23:37:48','N;'),(69,'testers','change this','2013-04-19 23:38:35','2013-04-20 07:18:20','N;'),(70,'jajajaj','change this','2013-04-19 23:38:59','2013-04-19 23:38:59','N;'),(71,'ala','change this','2013-04-19 23:39:29','2013-04-19 23:39:29','N;'),(72,'aleeee','change this','2013-04-19 23:40:28','2013-04-20 07:44:53','N;'),(73,'sdsqf','change this','2013-04-19 23:47:45','2013-04-19 23:47:45','N;'),(74,'tsesst','change this','2013-04-19 23:48:40','2013-04-19 23:48:40','N;'),(75,'ebn','change this','2013-04-19 23:55:49','2013-04-19 23:55:49','N;'),(76,'en','change this','2013-04-19 23:56:16','2013-04-19 23:56:16','N;'),(77,'tes','change this','2013-04-20 07:59:54','2013-04-20 07:59:54','N;'),(78,'sdfs','change this','2013-04-23 23:49:40','2013-04-23 23:49:40','N;'),(79,'dezewel','change this','2013-04-24 18:14:39','2013-04-24 18:14:39','N;'),(80,'newtagsneedus','change this','2013-04-24 18:15:52','2013-04-24 18:15:52','N;'),(81,'hierwel','change this','2013-04-24 18:29:16','2013-04-24 18:29:16','N;');
/*!40000 ALTER TABLE `tag` ENABLE KEYS */;
UNLOCK TABLES;

--
-- Table structure for table `tags_activities`
--

DROP TABLE IF EXISTS `tags_activities`;
/*!40101 SET @saved_cs_client     = @@character_set_client */;
/*!40101 SET character_set_client = utf8 */;
CREATE TABLE `tags_activities` (
  `activity_id` int(11) NOT NULL,
  `tag_id` int(11) NOT NULL,
  PRIMARY KEY (`activity_id`,`tag_id`),
  KEY `IDX_D748B30481C06096` (`activity_id`),
  KEY `IDX_D748B304BAD26311` (`tag_id`),
  CONSTRAINT `FK_D748B30481C06096` FOREIGN KEY (`activity_id`) REFERENCES `Activity` (`id`) ON DELETE CASCADE,
  CONSTRAINT `FK_D748B304BAD26311` FOREIGN KEY (`tag_id`) REFERENCES `tag` (`id`) ON DELETE CASCADE
) ENGINE=InnoDB DEFAULT CHARSET=utf8 COLLATE=utf8_unicode_ci;
/*!40101 SET character_set_client = @saved_cs_client */;

--
-- Dumping data for table `tags_activities`
--

LOCK TABLES `tags_activities` WRITE;
/*!40000 ALTER TABLE `tags_activities` DISABLE KEYS */;
INSERT INTO `tags_activities` VALUES (13,33),(13,34),(13,35),(13,79),(15,75),(18,30),(19,28),(20,1),(21,29),(22,27),(22,31),(22,32),(23,25),(23,26),(25,22),(25,23),(26,19),(26,20),(27,40),(29,72),(29,76),(30,1),(30,18),(30,24),(30,68),(30,69),(30,70),(30,73),(30,74),(46,78),(58,80),(58,81);
/*!40000 ALTER TABLE `tags_activities` ENABLE KEYS */;
UNLOCK TABLES;

--
-- Table structure for table `user_company`
--

DROP TABLE IF EXISTS `user_company`;
/*!40101 SET @saved_cs_client     = @@character_set_client */;
/*!40101 SET character_set_client = utf8 */;
CREATE TABLE `user_company` (
  `user_id` int(11) NOT NULL,
  `company_id` int(11) NOT NULL,
  PRIMARY KEY (`user_id`,`company_id`),
  KEY `IDX_17B21745A76ED395` (`user_id`),
  KEY `IDX_17B21745979B1AD6` (`company_id`),
  CONSTRAINT `FK_17B21745979B1AD6` FOREIGN KEY (`company_id`) REFERENCES `company` (`id`) ON DELETE CASCADE,
  CONSTRAINT `FK_17B21745A76ED395` FOREIGN KEY (`user_id`) REFERENCES `fos_user` (`id`) ON DELETE CASCADE
) ENGINE=InnoDB DEFAULT CHARSET=utf8 COLLATE=utf8_unicode_ci;
/*!40101 SET character_set_client = @saved_cs_client */;

--
-- Dumping data for table `user_company`
--

LOCK TABLES `user_company` WRITE;
/*!40000 ALTER TABLE `user_company` DISABLE KEYS */;
INSERT INTO `user_company` VALUES (1,1),(1,2),(1,4),(2,1),(2,2),(2,5);
/*!40000 ALTER TABLE `user_company` ENABLE KEYS */;
UNLOCK TABLES;

--
-- Table structure for table `wiki`
--

DROP TABLE IF EXISTS `wiki`;
/*!40101 SET @saved_cs_client     = @@character_set_client */;
/*!40101 SET character_set_client = utf8 */;
CREATE TABLE `wiki` (
  `id` int(11) NOT NULL AUTO_INCREMENT,
  `menu_title` varchar(255) COLLATE utf8_unicode_ci NOT NULL,
  `uri` varchar(255) COLLATE utf8_unicode_ci NOT NULL,
  `alias` longtext COLLATE utf8_unicode_ci NOT NULL COMMENT '(DC2Type:object)',
  `title` varchar(255) COLLATE utf8_unicode_ci NOT NULL,
  `body` longtext COLLATE utf8_unicode_ci NOT NULL,
  `created` datetime NOT NULL,
  `updated` datetime NOT NULL,
  PRIMARY KEY (`id`)
) ENGINE=InnoDB AUTO_INCREMENT=2 DEFAULT CHARSET=utf8 COLLATE=utf8_unicode_ci;
/*!40101 SET character_set_client = @saved_cs_client */;

--
-- Dumping data for table `wiki`
--

LOCK TABLES `wiki` WRITE;
/*!40000 ALTER TABLE `wiki` DISABLE KEYS */;
INSERT INTO `wiki` VALUES (1,'qsdf','sqdf','s:1:\"s\";','test','# dsfqfqdf\r\n\r\n* test \r\n* * tset2\r\n\r\nhaha hiere\r\n--------------','2008-01-01 00:00:00','2008-01-01 00:00:00');
/*!40000 ALTER TABLE `wiki` ENABLE KEYS */;
UNLOCK TABLES;
/*!40103 SET TIME_ZONE=@OLD_TIME_ZONE */;

/*!40101 SET SQL_MODE=@OLD_SQL_MODE */;
/*!40014 SET FOREIGN_KEY_CHECKS=@OLD_FOREIGN_KEY_CHECKS */;
/*!40014 SET UNIQUE_CHECKS=@OLD_UNIQUE_CHECKS */;
/*!40101 SET CHARACTER_SET_CLIENT=@OLD_CHARACTER_SET_CLIENT */;
/*!40101 SET CHARACTER_SET_RESULTS=@OLD_CHARACTER_SET_RESULTS */;
/*!40101 SET COLLATION_CONNECTION=@OLD_COLLATION_CONNECTION */;
/*!40111 SET SQL_NOTES=@OLD_SQL_NOTES */;

-- Dump completed on 2013-04-28  9:54:52
